1572937547999,-0.5469,-2.3572,0.9273
1572937548010,-0.163,-2.4858,1.0129
1572937548019,0.20279999,-2.5455,1.0885
1572937548029,0.4337,-2.4877,1.1762999
1572937548039,0.5894,-2.3030999,1.2982999
1572937548049,0.71,-2.0409,1.4462999
1572937548059,0.85499996,-1.7694999,1.5709
1572937548069,0.99609995,-1.4984,1.6898999
1572937548079,1.2712,-1.2763,1.7031
1572937548089,1.5636,-0.96519995,1.7251999
1572937548099,1.9620999,-0.5947,1.7070999
1572937548109,2.1750998,-0.1558,1.3002
1572937548119,1.5416,0.3315,0.30859998
1572937548129,0.1814,0.45619997,-0.657
1572937548139,-1.2039,0.1995,-0.92359996
1572937548149,-2.4174,0.1874,-0.5017
1572937548159,-2.9129999,0.6538,0.9589
1572937548169,-2.629,1.354,2.3551
1572937548179,-1.6777999,1.6818,3.1373
1572937548189,-0.269,1.7867999,3.3809
1572937548199,1.1601,1.9841,3.5105
1572937548209,2.315,2.1562998,3.5156
1572937548219,3.0383,1.9006,3.5997
1572937548229,3.1669998,1.1657,3.4842
1572937548239,2.9387,0.2724,1.4123
1572937548250,1.8018,1.0308,-0.122099996
1572937548259,0.96,2.8311,-0.58919996
1572937548269,0.3136,4.5878,-0.96519995
1572937548279,-0.8211,5.2358,-1.6916
1572937548290,-1.8697,5.0127997,-2.0612
1572937548300,-2.3662999,4.7735,-1.4932
1572937548310,-2.0513,4.3227,-0.6587
1572937548319,-1.2501,3.4241998,-0.1375
1572937548329,-0.4793,2.4289,0.0447
1572937548340,0.301,1.5323,-0.1169
1572937548350,0.8743,0.69549996,-0.644
1572937548359,1.0414,-0.3062,-1.2161
1572937548369,1.0611,-1.4441,-1.4459
1572937548379,1.0433,-2.3186,-1.9971
1572937548389,1.0773,-2.9023,-3.1071
1572937548402,0.97139996,-3.2531998,-3.4994
1572937548409,0.7247,-3.1069999,-3.5405
1572937548419,0.46559998,-2.2482,-3.7612998
1572937548429,0.19489999,-1.1654,-3.7068
1572937548439,-0.1434,-0.1813,-3.3618
1572937548450,-0.45459998,0.6259,-2.9045
1572937548459,-0.6321,1.2171,-2.4826
1572937548469,-0.6556,1.5929999,-2.0024
1572937548479,-0.62329996,1.7928,-1.4154999
1572937548490,-0.4175,1.7961999,-0.9615
1572937548500,-0.057699997,1.5445,-0.9758
1572937548511,0.2113,0.83339995,-1.349
1572937548519,0.1681,0.1353,-1.5834
1572937548529,0.1882,-0.49019998,-1.5173999
1572937548540,0.1379,-1.0049,-1.3021
1572937548550,0.16129999,-1.4699,-0.8157
1572937548559,0.4542,-1.5744,-0.43379998
1572937548569,0.747,-1.5064,-0.2559
1572937548579,0.7417,-1.5108,-0.61719996
1572937548590,0.3534,-1.5854,-0.8419
1572937548600,-0.118599996,-1.5329,-0.71199995
1572937548609,-0.4619,-1.2644,-0.3275
1572937548619,-0.5323,-0.98579997,0.046299998
1572937548630,-0.4094,-0.73609996,0.4186
1572937548640,-0.066199996,-0.6142,0.5329
1572937548650,0.38,-0.5979,0.327
1572937548659,0.9483,-0.719,0.055999998
1572937548669,1.594,-0.898,-0.122899994
1572937548679,2.0744,-1.0371,-0.0435
1572937548689,2.3613,-1.0481,0.1766
1572937548699,2.5051,-1.0392,0.3331
1572937548710,2.5760999,-1.099,0.40969998
1572937548719,2.5469,-1.1395,0.5743
1572937548730,2.496,-1.1116999,0.71849996
1572937548739,2.5986,-1.0249,0.7515
1572937548750,2.8218,-1.1141,0.7784
1572937548759,3.0648,-1.2419,0.6041
1572937548769,3.1501,-1.4675,0.0058999998
1572937548779,2.8632,-1.5850999,-0.93479997
1572937548790,2.0707,-1.5656999,-1.5309
1572937548799,1.0529,-1.2521,-1.3242999
1572937548809,0.018099999,-0.82009995,-0.4086
1572937548820,-0.8594,-0.43629998,0.2263
1572937548829,-1.3232,-0.2967,-0.67329997
1572937548839,-1.263,-0.3821,-1.3764
1572937548850,-0.6526,-0.4682,-1.4132999
1572937548859,0.0647,-0.1433,-0.9715
1572937548870,0.6795,0.348,-0.28149998
1572937548879,1.1818,0.93719995,0.154
1572937548889,1.5339999,1.4189,0.3996
1572937548902,1.559,1.7541,0.67789996
1572937548910,1.3755,1.9712,0.9895
1572937548922,1.1177,2.1113,0.51519996
1572937548930,1.5106,2.1919,0.5373
1572937548939,2.3653,2.9215,1.1058999
1572937548950,3.3414998,3.6416,0.7223
1572937548960,3.8941998,3.8030999,-0.6814
1572937548970,4.299,3.3939,-2.2556999
1572937548979,4.375,2.8583,-3.1083
1572937548989,4.1301,1.9523,-3.0521
1572937548999,3.7719998,0.87229997,-2.8827
1572937549010,3.1255,-0.4017,-3.2926
1572937549020,2.1624,-1.6547999,-3.8665
1572937549030,1.0328,-2.7103,-3.7909
1572937549039,0.14289999,-3.1662,-2.7719
1572937549049,-0.548,-3.1797,-0.7083
1572937549060,-0.8759,-2.3795,0.0262
1572937549069,-0.4842,-0.9325,-0.3207
1572937549080,0.1485,0.41619998,-0.3006
1572937549090,0.9201,1.2050999,-0.0879
1572937549099,1.8801999,1.5015,-0.0312
1572937549109,2.8158,1.8924999,-0.3023
1572937549119,3.2863998,2.2796,-1.2541
1572937549129,3.636,2.33,-1.9966999
1572937549139,3.6729999,2.2589998,-2.2063
1572937549149,3.2292,1.8402,-2.3216
1572937549159,2.6181,1.2123,-2.1704
1572937549170,1.4046999,0.8477,-2.3174999
1572937549179,1.0187,0.3762,-1.9461
1572937549190,0.6695,-0.024699999,-1.5992999
1572937549199,0.5033,-0.2863,-1.4848
1572937549209,0.5018,-0.2219,-1.4863
1572937549219,0.8813,-0.2047,-1.622
1572937549230,1.3785,-0.029299999,-1.9876
1572937549239,2.0334,-0.097899996,-2.1209
1572937549250,2.513,-0.27359998,-2.2651
1572937549259,2.7191,-0.42,-2.3871
1572937549269,2.7474,-0.6163,-2.6397
1572937549279,2.6934,-0.86319995,-2.9324
1572937549289,2.6829998,-1.0921999,-3.3228
1572937549299,2.7258,-1.2251999,-3.6439
1572937549309,2.8128998,-1.203,-3.886
1572937549319,2.8957999,-0.98639995,-3.9308999
1572937549329,2.9157999,-0.6339,-3.8486998
1572937549339,2.9217,-0.14469999,-3.8188999
1572937549349,2.7472,0.4518,-3.6165998
1572937549359,2.5414,0.7734,-3.4366
1572937549369,2.0031,1.0367,-3.3895998
1572937549379,0.9662,1.2423999,-3.3924
1572937549389,0.6028,1.0083,-3.1854
1572937549402,0.4247,0.6173,-2.7942998
1572937549409,0.5011,0.111999996,-2.7003999
1572937549419,0.1048,-0.1982,-2.935
1572937549429,-0.0162,-0.4199,-3.2017
1572937549439,-0.1496,-0.57229996,-3.0853999
1572937549450,-0.4053,-0.6454,-2.7759
1572937549460,-0.77599996,-0.7082,-2.2069
1572937549470,-1.3132,-0.88869995,-1.5749999
1572937549479,-1.5590999,-1.2557,-0.8152
1572937549489,-1.5425999,-1.5741,0.113299996
1572937549499,-1.1622,-1.8046,0.941
1572937549510,-0.5491,-1.8680999,1.6937
1572937549519,0.21589999,-1.7737999,1.9147999
1572937549529,0.922,-1.5210999,1.2702999
1572937549540,1.5884999,-1.2082,0.93759996
1572937549549,2.0153,-0.9928,0.3922
1572937549559,2.4782,-0.9543,0.113699995
1572937549569,2.2263,-0.9949,0.3748
1572937549579,1.8463,-1.2521,-0.2258
1572937549589,1.3896999,-1.2059,-0.37039998
1572937549599,1.0428,-0.50229996,-0.057299998
1572937549609,1.1230999,0.6335,0.5166
1572937549619,1.0932,2.1426,1.3439
1572937549629,1.0289,3.6223,1.8991
1572937549641,1.2157999,4.9934998,1.5582
1572937549649,1.4369999,6.0808997,1.0713
1572937549659,1.4726,6.5023,0.60929996
1572937549670,1.5866,6.2194,0.8068
1572937549679,1.5083,5.0657997,1.3579
1572937549689,1.2416999,3.3155,1.5971999
1572937549700,1.1326,1.4090999,1.801
1572937549710,1.6894,-0.6936,1.7432
1572937549720,2.3875,-2.5328999,1.2319
1572937549729,2.9048998,-3.6383998,-0.118499994
1572937549739,3.0163999,-3.7157998,-1.2821
1572937549750,2.7898998,-2.8623998,-1.9111999
1572937549759,2.4682,-1.6075,-2.3258998
1572937549769,2.2182,-0.3337,-2.9689999
1572937549780,1.9908999,0.5858,-3.6323998
1572937549789,1.6343,1.1025,-4.0843997
1572937549799,1.1209999,1.433,-4.1108
1572937549809,0.5586,1.5288,-3.8095
1572937549819,0.0393,1.508,-3.6288998
1572937549829,-0.37989998,1.3512,-3.4378
1572937549840,-0.5908,0.96059996,-2.9076998
1572937549850,-0.6232,0.3064,-2.4427
1572937549859,-0.45709997,-0.2888,-1.8928
1572937549870,-0.4466,-0.6396,-1.2293
1572937549880,-0.1705,-0.85389996,-0.4992
1572937549889,-0.0313,-1.0299,0.2683
1572937549902,0.0796,-1.0406,0.6742
1572937549910,0.35999998,-0.9931,0.8876
1572937549922,0.482,-0.7618,0.7436
1572937549929,0.56909996,-0.71529996,0.4138
1572937549939,0.46449998,-0.68939996,0.1872
1572937549949,0.2755,-0.732,0.0326
1572937549959,0.041699998,-0.79389995,0.0552
1572937549969,-0.13949999,-0.816,0.1451
1572937549980,-0.1709,-0.9259,0.23189999
1572937549990,-0.1618,-1.1333,0.4621
1572937550000,-0.20009999,-1.2717,0.6834
1572937550009,0.0407,-1.5562999,0.94879997
1572937550019,0.4579,-1.7524999,1.0237
1572937550030,0.8174,-1.8017,1.1428
1572937550039,1.2667999,-1.7136999,1.18
1572937550050,1.4243,-1.5767,1.0365
1572937550059,1.5347999,-1.5083,0.6907
1572937550069,1.5999,-1.4692,0.45369998
1572937550079,1.6114999,-1.4006,0.43129998
1572937550089,1.551,-1.3515999,0.5431
1572937550100,1.3794999,-1.2242,0.7413
1572937550110,1.3499,-1.1754,0.62119997
1572937550119,1.0792999,-1.2049999,0.40879998
1572937550129,0.784,-1.3034999,0.3029
1572937550140,0.6094,-1.3138,0.28329998
1572937550149,0.556,-1.2163,0.2217
1572937550159,0.53499997,-1.06,0.17719999
1572937550169,0.56659997,-0.8745,0.120799996
1572937550179,0.6714,-0.65,0.2974
1572937550189,0.7145,-0.35709998,0.3936
1572937550200,0.7168,-0.0646,0.3102
1572937550209,0.9522,0.0902,0.4658
1572937550219,0.6362,0.55869997,1.3122
1572937550229,0.8911,0.95879996,2.0742
1572937550239,1.6741999,1.2315999,2.3574
1572937550249,1.5922999,1.6223999,3.0737998
1572937550259,2.4076,1.4937999,3.2573
1572937550269,3.4624,0.9831,2.9111998
1572937550279,4.1424,0.4529,2.3343
1572937550289,5.3573,-0.1651,1.4506999
1572937550299,6.3608,-1.0086,0.99539995
1572937550309,7.0074,-1.6166999,1.1467999
1572937550319,6.9143,-1.6757,2.2421
1572937550329,6.1352,-0.96999997,2.734
1572937550339,4.423,0.6182,2.4292
1572937550350,2.5825,2.7851999,1.2822
1572937550359,1.007,4.0698,0.20789999
1572937550369,0.7409,3.609,1.0724
1572937550379,0.3996,2.8932998,1.7322999
1572937550389,-0.0169,2.57,0.78889996
1572937550401,0.1806,2.0609999,-0.71739995
1572937550409,0.3376,1.5913999,-2.2371
1572937550419,0.0614,1.1815,-3.1478999
1572937550429,-0.2914,1.0567,-3.458
1572937550439,-0.7679,0.88369995,-3.6622
1572937550450,-1.1204,0.7215,-3.3758
1572937550459,-1.4238,0.82479995,-2.5017998
1572937550469,-1.9678999,1.1248,-2.0194
1572937550479,-2.4758,1.9447,-2.3523
1572937550489,-2.7889,2.6269,-3.1661
1572937550499,-3.1121,3.0730999,-3.6543999
1572937550509,-3.4253,3.1064,-3.5727
1572937550520,-3.3068,2.6094,-2.5878
1572937550530,-2.6476,1.9643999,-0.7355
1572937550539,-1.8377999,1.4951999,0.86509997
1572937550549,-1.0835999,1.0742999,1.1635
1572937550559,-0.2626,0.653,0.33929998
1572937550569,0.3303,0.2216,-0.35689998
1572937550579,0.65709996,-0.1413,-0.3317
1572937550589,0.92209995,-0.769,-0.348
1572937550600,1.2623,-1.4754,-0.50549996
1572937550609,1.6681,-2.0156,-0.7515
1572937550619,1.7675999,-2.4877,-0.9115
1572937550629,1.6474999,-2.8327,-0.9281
1572937550641,1.4948,-3.021,-0.6842
1572937550649,1.0374,-2.7872,-0.2911
1572937550659,0.65459996,-2.6030998,-0.0828
1572937550669,0.3653,-2.4089,0.101799995
1572937550679,0.0756,-2.3216,0.49249998
1572937550689,-0.19569999,-2.1649,0.6484
1572937550699,-0.4962,-1.9685999,0.55289996
1572937550709,-0.8445,-1.7333,0.45369998
1572937550719,-1.347,-1.5274999,0.2719
1572937550730,-1.8651999,-1.3413999,0.0638
1572937550740,-2.2515,-1.2138,0.17809999
1572937550749,-2.3579,-1.2034,0.42589998
1572937550759,-2.1355,-1.2709,0.81619996
1572937550769,-1.8669,-1.3872,1.0773
1572937550779,-1.6108999,-1.5623,1.0357
1572937550789,-1.4073,-1.7863,0.9352
1572937550799,-0.7589,-2.0588,1.0568
1572937550809,-0.48369998,-2.007,1.4375
1572937550819,-0.079799995,-2.1315,1.7866
1572937550829,0.3432,-2.3048,2.302
1572937550839,0.7259,-2.4096,2.7702
1572937550849,1.0873,-2.4852998,3.077
1572937550859,1.4958999,-2.6009,3.274
1572937550869,1.892,-2.5800998,3.2159998
1572937550879,2.1301,-2.4721,3.0024998
1572937550889,2.2587,-2.3845,2.7307
1572937550902,1.9627999,-2.5328999,2.5321999
1572937550913,2.218,-2.2596,1.7358999
1572937550921,1.6159999,-1.0066999,1.0587
1572937550929,-0.075399995,-0.088,-1.2183
1572937550939,-2.0219,0.82,-2.151
1572937550949,-3.5479999,2.3358998,-1.2881
1572937550959,-3.7889998,4.2337,1.1179
1572937550969,-3.2205,5.9642997,3.5918999
1572937550979,-2.062,6.4312,5.6727
1572937550989,-0.2967,5.5674,4.2019
1572937550999,1.1638,4.5306,2.1186
1572937551009,2.477,3.878,1.0997
1572937551019,3.0913,3.5275998,0.22489999
1572937551029,2.8825998,3.0960999,-0.5334
1572937551040,1.8283999,2.8395998,-0.17289999
1572937551049,0.884,2.4464998,2.7574
1572937551059,0.41009998,2.1511,2.6929998
1572937551069,-0.1143,1.9247999,2.4194
1572937551079,-0.5491,1.7781999,2.1653
1572937551089,-0.5725,1.7696999,1.2767
1572937551099,-0.40559998,1.8887,0.0335
1572937551110,-0.15259999,1.8504,-1.0249
1572937551119,-0.2206,1.4197999,-1.638
1572937551129,-0.6296,0.77349997,-2.4649
1572937551139,-0.9314,-0.0883,-3.1625
1572937551149,-1.3512,-0.7733,-3.2626998
1572937551159,-1.6855999,-1.2815,-3.3230999
1572937551169,-1.8295,-1.5444,-3.3123999
1572937551179,-1.7380999,-1.5620999,-2.9975
1572937551190,-1.4726,-1.472,-2.6122
1572937551200,-1.1718999,-1.4117999,-2.4473
1572937551209,-0.87039995,-1.5681,-2.4628
1572937551219,-0.7529,-1.686,-2.6671
1572937551229,-0.7841,-1.6773,-2.6964998
1572937551239,-1.0498999,-1.503,-2.4707
1572937551249,-1.3955,-1.1926,-2.1736999
1572937551259,-1.7357999,-0.8246,-1.7945
1572937551269,-2.269,-0.2218,-1.3959
1572937551283,-2.8952,0.4883,-1.1732
1572937551290,-3.1065,0.7018,-1.1035
1572937551300,-3.0521,0.75,-0.82019997
1572937551310,-2.7538998,0.6141,-0.5653
1572937551319,-2.0242999,0.0975,-0.5
1572937551329,-1.1345,-0.5155,-0.42369998
1572937551339,-0.38329998,-1.0784,-0.2834
1572937551349,0.2733,-1.5525,-0.21069999
1572937551359,0.7126,-1.8307999,-0.16229999
1572937551369,1.0354,-1.9432,-0.107499994
1572937551379,1.2326,-1.9781,-0.0964
1572937551389,1.2451,-2.0532,-0.1607
1572937551399,1.1891,-2.1095998,-0.0075999997
1572937551409,1.2766,-2.0293999,0.21779999
1572937551419,1.4749,-2.0088,0.24229999
1572937551429,1.5483999,-2.0377998,0.24129999
1572937551439,1.3698,-1.9987999,0.52919996
1572937551449,1.2537999,-1.941,0.538
1572937551459,1.0451,-1.8349999,0.4341
1572937551469,0.66539997,-1.7494999,0.3547
1572937551479,0.47849998,-1.6746999,0.3198
1572937551489,0.33679998,-1.5905,0.2356
1572937551499,0.3177,-1.5651,0.4121
1572937551509,0.3631,-1.4807999,0.69189996
1572937551519,0.49379998,-1.4947,1.0947
1572937551529,0.6035,-1.3914,1.2627
1572937551539,0.6446,-1.0731,1.3366
1572937551549,0.7309,-0.76449996,1.054
1572937551559,0.7334,-0.4944,1.0962
1572937551569,0.8175,-0.36069998,1.4331
1572937551579,0.8918,-0.34379998,1.9279
1572937551589,1.2185999,-0.3849,2.2433
1572937551599,1.4093,-0.3469,1.3406
1572937551610,3.0895,0.13229999,2.3025
1572937551619,3.6559,0.41419998,1.0419999
1572937551629,4.5569997,0.3232,-0.254
1572937551641,4.3229,0.44779998,0.1002
1572937551649,3.6497998,0.72069997,1.1357
1572937551659,2.1766999,1.5720999,2.1595
1572937551669,1.0893999,2.2673,2.5270998
1572937551679,0.33969998,2.6494,2.9831998
1572937551689,-0.13949999,2.7473,2.8014
1572937551700,-0.3888,2.5904999,1.7300999
1572937551710,-0.45859998,2.4145,0.40379998
1572937551719,-0.2504,2.4843,-0.3737
1572937551729,-0.19839999,2.5843,-0.51
1572937551739,-0.5509,2.7345,-0.8667
1572937551749,-0.89739996,2.7094,-1.7782999
1572937551759,-1.1285,2.3034,-2.9104998
1572937551769,-1.5031999,1.8499999,-3.6848
1572937551779,-2.0262,1.5058,-4.0509
1572937551789,-2.5762,1.2314999,-4.2307
1572937551799,-3.0137,1.0562,-3.9433
1572937551810,-3.4912999,0.92069995,-3.5677998
1572937551819,-3.7826,0.3245,-3.6158998
1572937551829,-3.5956,-0.124299996,-3.4538999
1572937551839,-2.814,0.103999995,-2.2986999
1572937551849,-1.828,0.68549997,-0.8251
1572937551859,-0.55149996,1.0412999,0.5927
1572937551869,0.536,1.0429,1.0037999
1572937551879,1.2708,0.8853,0.5489
1572937551889,1.5958999,0.9213,-0.0037999998
1572937551899,1.6314,1.053,-0.2895
1572937551909,1.6803,1.0258,-0.34019998
1572937551921,1.9233999,0.8796,-0.3552
1572937551929,2.1711,0.5652,-0.21769999
1572937551939,2.2057,0.1205,-0.2609
1572937551949,1.9010999,-0.3963,-0.4547
1572937551959,1.2939,-0.7985,-0.6331
1572937551969,0.7529,-0.89769995,-0.5118
1572937551981,0.3798,-0.99609995,-0.4619
1572937551990,0.024,-1.1421,-0.32889998
1572937551999,-0.24659999,-1.3162,-0.1006
1572937552009,-0.364,-1.5092,0.1584
1572937552019,-0.3507,-1.7306999,0.3408
1572937552029,-0.28759998,-1.9214,0.40449998
1572937552039,-0.3209,-2.0424,0.41779998
1572937552049,-0.44779998,-2.1822,0.5281
1572937552059,-0.7344,-2.3315,0.52169997
1572937552069,-1.0131999,-2.5003,0.5068
1572937552079,-1.1601,-2.708,0.4836
1572937552089,-1.2648,-2.925,0.34399998
1572937552099,-1.3571999,-3.1122,0.2634
1572937552109,-1.369,-3.2986999,0.2996
1572937552119,-1.3009,-3.0725,0.56949997
1572937552129,-1.2559,-2.6497998,1.171
1572937552140,-1.0108,-2.3055,1.3044
1572937552149,-0.6756,-2.108,1.3132
1572937552159,-0.3096,-1.959,1.5188
1572937552169,0.0094,-1.8192999,1.9017999
1572937552179,0.3902,-1.7673,2.2963
1572937552189,0.68689996,-1.9209,2.3888
1572937552199,1.1927999,-1.8678999,2.5618
1572937552210,1.6273999,-1.6874,2.435
1572937552220,1.875,-1.6051999,1.8822999
1572937552229,2.0627,-1.4149,1.342
1572937552239,1.6719999,-0.8127,0.2843
1572937552249,0.47129998,-0.1029,-0.76089996
1572937552259,-1.0274,0.5761,-1.2678
1572937552269,-2.5121,1.6637,-0.7848
1572937552279,-3.2163,2.8443,0.6926
1572937552289,-2.7593,3.9024,2.1838999
1572937552300,-1.7716999,4.7542,3.1773
1572937552309,-0.096999995,4.5806,3.2558
1572937552319,1.5824,3.6878998,3.2777
1572937552329,2.5237,2.6162999,3.3325
1572937552339,3.174,1.6089,3.4234
1572937552349,3.3067,1.237,2.317
1572937552359,3.0767,1.5159,1.6547999
1572937552369,2.498,1.6529,1.3821
1572937552379,1.4204999,1.7378,1.1554999
1572937552389,0.2232,2.1345,1.295
1572937552400,-0.6778,2.6581,1.3446
1572937552410,-1.037,3.0549998,1.0849999
1572937552419,-0.8007,3.3167,1.1588
1572937552429,-0.49519998,3.3051,0.8621
1572937552439,-0.6245,2.8720999,-0.1405
1572937552449,-0.7418,1.9395,-1.1531
1572937552459,-0.7087,0.80249995,-1.8162999
1572937552469,-0.9307,-0.23429999,-2.5642
1572937552479,-1.3222,-1.1125,-3.4157999
1572937552489,-1.5279,-1.6660999,-3.9345999
1572937552499,-1.5123,-1.9247999,-3.974
1572937552509,-1.3615999,-1.9765999,-3.7616
1572937552519,-1.0869,-1.8707,-3.4334
1572937552529,-0.66819996,-1.6671,-3.1395
1572937552540,-0.46699998,-1.2397,-3.1078
1572937552549,-0.3457,-0.7069,-3.1976
1572937552559,-0.3148,-0.2253,-3.1664999
1572937552569,-0.4631,0.039,-2.8423
1572937552579,-0.8506,0.066599995,-2.4608
1572937552589,-1.3615,-0.103099994,-2.3844
1572937552599,-1.8893,-0.2543,-2.4686
1572937552609,-2.2874,-0.3372,-2.3927
1572937552620,-2.6148,-0.2043,-1.8743
1572937552629,-2.8525,0.2625,-1.3779
1572937552641,-2.7833,0.5056,-1.0668
1572937552649,-2.5424,0.57519996,-0.7639
1572937552659,-2.0338,0.54899997,-0.59929997
1572937552669,-1.2372999,0.26929998,-0.4802
1572937552679,-0.41329998,-0.16669999,-0.41959998
1572937552689,0.12789999,-0.5054,-0.48139998
1572937552700,0.5142,-0.80539995,-0.4597
1572937552709,0.69699997,-1.0275,-0.45299998
1572937552719,0.668,-1.1129,-0.4921
1572937552729,0.5459,-1.0907,-0.41189998
1572937552739,0.38059998,-1.1177,-0.303
1572937552749,-0.0528,-1.0761,-0.0486
1572937552759,-0.13939999,-1.1323,-0.0809
1572937552769,-0.077599995,-1.2765,-0.0368
1572937552780,0.1906,-1.4304,-0.120699994
1572937552790,0.48009998,-1.4668,-0.105299994
1572937552799,0.77279997,-1.4649,-0.0371
1572937552810,1.0705999,-1.3565999,-0.0415
1572937552819,1.2478,-1.2692,-0.1195
1572937552829,1.3637999,-1.1926,-0.24489999
1572937552839,1.4972999,-0.9008,-0.1061
1572937552849,1.9266,-0.5318,0.4854
1572937552859,1.4879999,-0.2916,0.5676
1572937552869,1.464,-0.46289998,0.2837
1572937552879,1.2454,-0.6721,0.2962
1572937552889,0.9411,-0.8218,0.5194
1572937552900,0.6699,-0.87329996,0.84919995
1572937552909,0.43159997,-0.87579995,1.0619
1572937552922,0.74939996,-0.93789995,0.8919
1572937552929,0.16849999,-0.76339996,1.7248
1572937552939,0.49359998,-0.73609996,1.8298
1572937552949,0.8218,-0.6877,2.0274
1572937552959,1.1697999,-0.6195,2.08
1572937552969,1.5659,-0.53249997,1.8274
1572937552979,2.0472999,-0.56439996,1.1636
1572937552989,2.4959,-0.6562,0.4802
1572937552999,2.7182,-0.6902,0.081099994
1572937553009,2.6883,-0.74469995,-0.015299999
1572937553019,2.2921,-0.7603,-0.1269
1572937553030,1.5603,-0.6773,-0.259
1572937553039,0.5728,-0.5736,-0.32819998
1572937553050,-0.3861,-0.52779996,-0.020499999
1572937553059,-1.2311,-0.44189999,0.0783
1572937553069,-2.1316,-0.2375,-0.0309
1572937553079,-2.6966,0.1345,-0.26999998
1572937553089,-2.7229,0.46859998,-0.7068
1572937553099,-2.7378,1.0688,-1.0681
1572937553109,-2.6536999,1.7005999,-0.83959997
1572937553119,-2.5721,2.1683,-0.383
1572937553129,-2.2617,2.4614,-0.6588
1572937553139,-1.6755999,2.5805,-1.4871
1572937553149,-0.97569996,2.7615,-2.3525999
1572937553159,-0.3881,2.8476,-2.7735
1572937553169,-0.1893,2.9854,-3.2141
1572937553180,-0.44329998,2.7328,-3.6076
1572937553189,-0.6757,2.2951,-3.916
1572937553199,-0.8339,1.7987,-3.827
1572937553209,-0.97499996,1.2239,-3.0493999
1572937553220,-1.2129999,0.6573,-1.7347
1572937553229,-1.1672,0.2643,-0.5104
1572937553239,-0.84749997,0.1416,0.2881
1572937553249,-0.4928,0.3089,0.62479997
1572937553259,-0.1472,0.6787,0.58779997
1572937553269,0.2839,1.0264,0.5877
1572937553279,0.5744,1.2831,0.28239998
1572937553289,0.6842,1.2232,0.0165
1572937553299,0.515,1.1017,-0.2891
1572937553309,0.19319999,0.95839995,-0.6156
1572937553319,-0.2322,0.7642,-0.759
1572937553329,-0.72319996,0.51019996,-0.5862
1572937553340,-1.0751,0.11889999,-0.3164
1572937553350,-1.2009,-0.4285,-0.049999997
1572937553359,-1.3266,-0.8674,0.2716
1572937553369,-1.1312,-1.2069,0.65819997
1572937553379,-0.87899995,-1.369,1.0131999
1572937553389,-0.5778,-1.453,1.1452
1572937553400,-0.4615,-1.3521,1.089
1572937553409,-0.16939999,-1.2717,0.9317
1572937553419,0.08,-1.2597,0.8264
1572937553429,0.119399995,-1.2272999,0.80899996
1572937553439,0.1346,-1.1939,0.8402
1572937553449,0.047,-1.2283,0.7626
1572937553460,-0.1828,-1.2908,0.6432
1572937553469,-0.4078,-1.3126999,0.5593
1572937553479,-0.4509,-1.2843,0.4818
1572937553489,-0.4481,-1.1963999,0.3735
1572937553499,-0.5076,-1.0399,-0.035299998
1572937553509,-0.79819995,-0.72709996,-1.1021
1572937553520,-1.1251,0.2617,-1.9140999
1572937553530,-1.4631,1.4261999,-1.6590999
1572937553539,-1.1649,1.8136,-0.2394
1572937553549,-1.2027999,1.8930999,-0.624
1572937553559,-0.6893,1.8556,-0.76949996
1572937553569,-0.1366,1.7619,-0.8727
1572937553579,0.2698,1.5920999,-0.6696
1572937553589,0.5193,1.2476,-0.5778
1572937553599,0.3556,0.95379996,-0.71099997
1572937553609,-0.012399999,0.5627,-0.75299996
1572937553619,-0.4262,0.0053,-0.7615
1572937553630,-0.63,-0.3365,-0.6339
1572937553641,-0.78499997,-0.4737,-0.4082
1572937553649,-0.94589996,-0.5043,-0.16749999
1572937553659,-1.0106,-0.58489996,-0.024799999
1572937553669,-0.89269996,-0.5575,-0.0167
1572937553679,-0.7793,-0.4125,-0.092199996
1572937553689,-0.73749995,-0.18969999,-0.2294
1572937553700,-0.7072,0.051799998,-0.3992
1572937553709,-0.7079,0.185,-0.5836
1572937553720,-0.7003,0.1317,-0.68729997
1572937553729,-0.71349996,-0.0685,-0.79039997
1572937553739,-0.6493,-0.2392,-0.75619996
1572937553749,-0.5952,-0.29209998,-0.83989996
1572937553759,-0.5125,-0.36409998,-0.94509995
1572937553769,-0.43089998,-0.37649998,-0.93719995
1572937553779,-0.3796,-0.27019998,-0.80829996
1572937553789,-0.3779,-0.074499995,-0.56839997
1572937553799,-0.3764,0.102299996,-0.3144
1572937553809,-0.34579998,0.1329,-0.0845
1572937553820,-0.3252,0.124699995,0.0449
1572937553830,0.30269998,-0.0696,0.37989998
1572937553839,-0.12719999,-0.029199999,0.070999995
1572937553849,0.047,-0.2437,-0.1673
1572937553860,-0.1431,-0.44779998,0.0429
1572937553869,-0.2591,-0.7593,0.14549999
1572937553879,-0.3188,-1.0224999,0.16579999
1572937553890,-0.3706,-1.0318,0.1347
1572937553900,-0.14999999,-0.7181,0.0011
1572937553910,-0.0066,-0.34649998,-0.1471
1572937553921,0.1095,-0.035099998,-0.2783
1572937553929,0.2183,0.1785,-0.46199998
1572937553939,0.37739998,0.43109998,-0.58559996
1572937553949,0.3814,0.58629996,-0.6457
1572937553959,0.3575,0.5362,-0.6429
1572937553969,0.275,0.36949998,-0.6561
1572937553979,0.1431,0.2528,-0.57739997
1572937553989,-0.0385,0.0685,-0.387
1572937553999,-0.1831,-0.095199995,-0.2305
1572937554009,-0.26139998,-0.1995,-0.046699997
1572937554020,-0.3804,-0.2349,0.1073
1572937554029,-0.55979997,-0.2802,0.14549999
1572937554040,-0.62329996,-0.257,0.13669999
1572937554049,-0.6087,-0.1654,0.1107
1572937554059,-0.5927,-0.0744,0.0576
1572937554069,-0.5563,-0.0524,0.0647
1572937554079,-0.588,-0.079399996,0.092
1572937554089,-0.49339998,-0.1065,0.13949999
1572937554099,-0.3407,-0.0651,0.1196
1572937554109,-0.2376,-0.053099997,0.0613
1572937554119,-0.20349999,-0.1294,0.022599999
1572937554129,-0.22819999,-0.235,0.023
1572937554140,-0.22309999,-0.3507,0.132
1572937554150,-0.1187,-0.34899998,0.21339999
1572937554160,-0.20889999,-0.3383,0.3073
1572937554169,-0.18079999,-0.26929998,0.34559998
1572937554180,-0.0849,-0.2105,0.30769998
1572937554190,0.01,-0.13229999,0.213
1572937554200,0.1537,-0.0446,0.11009999
1572937554210,0.3372,-0.0061,-0.0019999999
1572937554219,0.40379998,-0.0263,-0.0563
1572937554229,0.42229998,-0.0954,-0.0924
1572937554239,0.3435,-0.15439999,-0.0030999999
1572937554250,0.2463,-0.1741,0.124299996
1572937554260,0.14029999,-0.1744,0.1739
1572937554269,0.0642,-0.1651,0.1849
1572937554280,0.0275,-0.1264,0.1964
1572937554289,-0.0186,-0.0977,0.1787
1572937554299,-0.1236,0.1663,-2.4864
1572937554309,-0.182,0.1415,1.1165999
1572937554319,-0.0223,0.1355,0.64309996
1572937554329,0.019199999,-0.1765,0.2796
1572937554339,0.0326,-0.2834,0.341
1572937554349,0.085,-0.2828,0.3656
1572937554359,0.1182,-0.2733,0.3551
1572937554369,0.0451,-0.26479998,0.3005
1572937554379,-0.0276,-0.20809999,0.0047
1572937554389,-0.072,-0.111499995,0.0495
1572937554400,-0.058599997,-0.0144,0.1705
1572937554409,0.0127,0.0139999995,0.1539
1572937554419,0.1228,0.0232,0.058199998
1572937554430,0.17359999,0.0131,0.029299999
1572937554440,0.1953,-0.0945,0.5473
1572937554450,0.1981,-0.1936,0.816
1572937554459,0.20089999,-0.20639999,-0.0714
1572937554469,0.18419999,-0.1603,-0.4886
1572937554479,0.118599996,-0.023799999,0.0341
1572937554489,0.112399995,-0.0046,0.13229999
1572937554500,0.0771,-0.044299997,0.0841
1572937554509,0.031999998,-0.0447,0.1528
1572937554519,0.025899999,-0.0254,-0.573
1572937554529,0.0683,-0.024799999,0.4024
1572937554539,-0.0534,-0.0633,0.4344
1572937554549,-0.088199995,-0.2207,-0.0945
1572937554559,-0.1724,-0.1713,0.3821
1572937554569,-0.2077,0.0442,0.6062
1572937554579,-0.1165,-0.084199995,0.0123
1572937554589,-0.0164,-0.0455,0.2003
1572937554599,0.103099994,-0.094799995,0.24949999
1572937554609,0.1735,-0.17359999,0.2705
1572937554619,0.3326,-0.1547,0.077
1572937554629,0.2671,-0.14559999,0.020499999
1572937554641,0.22199999,-0.1166,0.1284
1572937554649,0.18599999,-0.097399995,0.0607
1572937554659,0.1314,-0.088199995,0.0714
1572937554669,0.096099995,-0.13759999,0.0911
1572937554679,0.1486,-0.18679999,0.0514
1572937554689,0.1228,-0.059299998,0.20639999
1572937554700,0.087799996,-0.039899997,0.2836
1572937554709,0.0914,-0.0894,0.167
1572937554719,0.0848,-0.0997,0.18779999
1572937554729,0.1857,-0.1493,0.20899999
1572937554739,0.3556,-0.2678,0.29999998
1572937554749,0.3699,-0.3574,0.4033
1572937554759,0.1601,-0.124199994,-0.1955
1572937554769,0.0082,0.109699994,-0.2978
1572937554779,-0.046299998,0.21759999,-0.1335
1572937554789,0.0648,0.1595,0.056599997
1572937554799,0.2445,0.0037,0.3238
1572937554809,0.28759998,-0.16229999,0.44619998
1572937554819,0.25239998,-0.23099999,0.29729998
1572937554829,0.14899999,-0.2708,0.2101
1572937554839,0.1249,-0.35999998,0.3014
1572937554849,0.1894,-0.43989998,0.2969
1572937554859,0.3822,-0.6479,0.4226
1572937554869,0.4789,-0.788,0.5719
1572937554879,0.34199998,-0.57629997,0.6685
1572937554889,0.0201,-0.081599995,0.2338
1572937554900,-0.22479999,0.3145,-0.0209
1572937554910,-0.34559998,0.54469997,-0.2288
1572937554921,-0.32189998,0.5203,-0.28059998
1572937554929,-0.24249999,0.3809,-0.23879999
1572937554939,-0.22379999,0.3992,-0.16129999
1572937554949,-0.0696,-0.0032,-0.0401
1572937554959,-0.053799998,-0.14019999,0.0777
1572937554969,-0.048,-0.14989999,0.0105
1572937554979,-0.0224,-0.061699998,-0.1537
1572937554989,0.033999998,0.0852,-0.3874
1572937554999,-0.0052,0.0953,-0.28149998
1572937555009,0.055,-0.0115,-0.0919
1572937555019,0.057499997,-0.0985,0.0167
1572937555029,-0.0081,-0.0676,0.1435
1572937555039,-0.1619,0.0514,0.2509
1572937555049,-0.326,0.22899999,0.19399999
1572937555059,-0.4912,0.3771,-0.116299994
1572937555069,-0.5699,0.35909998,-0.096499994
1572937555079,-0.6317,0.2932,0.064899996
1572937555089,-0.65709996,0.228,0.5276
1572937555099,-0.5193,0.1919,0.81769997
1572937555109,-0.2565,0.1934,0.7754
1572937555119,0.24929999,0.0657,0.6459
1572937555129,0.42299998,0.0836,0.1126
1572937555139,0.62939996,-0.0164,-0.2528
1572937555149,0.3599,0.0703,-0.4283
1572937555159,0.023599999,0.2175,-0.594
1572937555169,-0.108899996,0.3764,-0.47599998
1572937555179,-0.44149998,0.5668,-0.21069999
1572937555189,-0.5347,0.6703,0.1866
1572937555199,-0.6437,0.6667,0.4463
1572937555209,-0.45549998,0.4181,0.5226
1572937555219,-0.34199998,0.2874,0.3858
1572937555229,-0.213,0.39229998,0.36879998
1572937555239,0.1785,0.9684,0.4199
1572937555249,0.3972,1.7797999,0.1955
1572937555259,0.6594,2.2281,0.3926
1572937555269,0.6588,2.2742999,0.6288
1572937555279,0.7145,2.154,0.5525
1572937555289,0.5114,1.9854,0.5539
1572937555299,0.3428,1.8270999,0.3117
1572937555309,0.32619998,1.8263999,0.22739999
1572937555319,0.1599,1.7674999,0.0056
1572937555329,0.2661,1.6405,0.1857
1572937555339,0.3621,1.5333999,0.6802
1572937555349,0.59639996,1.4156,1.1111
1572937555359,0.85139996,1.4532,1.3635
1572937555369,1.021,1.2637,1.064
1572937555380,1.0175999,1.1613,0.5815
1572937555389,0.717,1.3227,0.24599999
1572937555400,0.5904,1.2771,0.1652
1572937555409,0.38369998,1.0342,0.182
1572937555419,0.28849998,0.70229995,0.4342
1572937555429,0.43039998,0.3405,0.6486
1572937555439,0.73139995,0.44849998,1.1697
1572937555450,0.6554,0.9267,1.9038
1572937555460,0.5071,0.9295,1.1072999
1572937555469,0.12239999,1.0365,1.1952
1572937555480,0.16659999,1.2876999,3.7254999
1572937555489,-0.070099995,1.3269,4.8673997
1572937555500,-0.2829,1.3376,2.5555
1572937555509,0.0958,1.0723,2.3551
1572937555519,0.2311,1.2973,2.9573998
1572937555529,0.38639998,0.8851,2.5547
1572937555540,0.2146,0.1506,0.87049997
1572937555549,-0.0941,-0.12979999,2.4875
1572937555559,-0.1387,-0.5645,1.9038999
1572937555570,0.0682,-1.4857999,0.8908
1572937555579,0.5778,-2.4311,-0.81759995
1572937555589,0.7515,-2.6829998,-2.3381999
1572937555599,1.5753,-2.4569,-3.0676
1572937555609,2.5734,-1.6471,-3.3197
1572937555619,2.9247,-1.1893,-3.6523
1572937555629,2.9176,-1.4199,-3.4036999
1572937555641,3.1826,-2.3092,-2.4184
1572937555649,3.3047,-3.1915998,-1.7628
1572937555659,3.2584999,-3.7716,-2.2254999
1572937555669,2.8343,-4.0587997,-3.1826
1572937555679,1.9367,-3.8365998,-3.9564998
1572937555692,1.1769,-2.8788,-4.1646
1572937555700,1.1827999,-1.9397999,-3.6894999
1572937555710,1.2723,-1.657,-2.4717
1572937555719,0.9133,-1.6581,-0.6249
1572937555729,0.239,-1.5602,0.7642
1572937555739,-0.5503,-1.3326,1.2095
1572937555749,-0.9931,-1.2001,0.90379995
1572937555759,-1.5357,-1.2113999,0.5412
1572937555769,-1.7813,-1.2973,0.4321
1572937555779,-1.7723999,-1.2314999,0.5768
1572937555789,-1.4863,-1.1216999,1.0164
1572937555799,-1.4844999,-0.5178,1.4232
1572937555809,-1.2584,0.0,1.5278
1572937555819,-1.1134,0.4301,1.9145999
1572937555829,-1.5339999,0.6629,1.9634999
1572937555839,-2.1396,0.9043,1.4289
1572937555849,-2.3494,0.9794,0.5997
1572937555859,-2.5707998,0.9191,-0.0704
1572937555869,-2.3941,0.67509997,-0.5297
1572937555879,-2.0830998,0.3455,-0.959
1572937555889,-1.9569,0.1644,-1.2432
1572937555900,-2.149,0.2679,-0.94339997
1572937555910,-2.2663999,0.5575,-0.17449999
1572937555920,-2.1905,0.81689996,0.8944
1572937555930,-1.9001,0.8391,1.6862999
1572937555939,-0.83349997,0.7892,1.5929999
1572937555949,-0.54719996,2.6664,-3.4833999
1572937555959,-0.16219999,0.80289996,-1.7787
1572937555969,-0.6102,-0.73579997,-0.1017
1572937555979,-1.0335,-1.5820999,0.4666
1572937555989,-1.0414,-2.1306999,1.0817
1572937555999,-0.66459996,-2.4199,1.8797
1572937556009,-0.54679996,-2.7756,2.3253999
1572937556019,-0.44329998,-2.8952,2.2421
1572937556029,-0.48189998,-3.3788,2.3543
1572937556039,0.3861,-1.2376,3.7991
1572937556049,-1.4393,-0.2549,-1.0440999
1572937556059,-2.2661998,-1.0056,-4.1159
1572937556069,-2.7161,-1.5782,-4.7037997
1572937556079,-2.6,-2.1192,-3.6646998
1572937556089,-2.3374999,-2.3571,-2.3009999
1572937556099,-2.5827,-3.3047,-1.6522
1572937556109,-3.1404998,-3.0935,-2.9763
1572937556119,-3.6355999,-2.9636,-2.1869
1572937556129,-4.2613997,-2.9215999,-0.3865
1572937556140,-4.0355997,-3.4766998,1.9706
1572937556150,-3.8128998,-3.9970999,3.4792
1572937556159,-3.2705,-3.824,4.4307
1572937556170,-3.4452,-3.4412,4.6643
1572937556179,-3.6457999,-3.004,4.8078
1572937556189,-4.3472,-2.6227,4.9958997
1572937556200,-5.2023,-2.0075,4.0819
1572937556209,-5.9042,-1.2149,1.9732
1572937556220,-6.5162997,-0.5057,-0.062
1572937556229,-6.9477997,-0.1139,-2.0414999
1572937556239,-7.4298,-0.096599996,-3.2071998
1572937556250,-7.8781,-0.4561,-3.2968
1572937556259,-8.2269,-1.0257,-2.9213
1572937556269,-8.478,-1.9662999,-2.0091999
1572937556279,-8.0661,-2.7131999,-0.6853
1572937556291,-6.9521,-2.8932,0.6095
1572937556300,-5.8171,-2.8688,1.6592
1572937556309,-4.9716,-2.8585,2.5686
1572937556320,-4.3645,-2.8404,2.7594
1572937556329,-3.9483998,-2.8508,1.6163
1572937556339,-3.3902998,-3.0521998,-0.663
1572937556349,-2.1924999,-3.2665,-2.9287999
1572937556360,-0.85889995,-3.8662,-3.7154999
1572937556369,0.5503,-4.5276,-2.8574998
1572937556379,1.6982,-4.4055,-1.0353
1572937556389,2.1237,-3.5340998,1.2888
1572937556400,1.5534999,-2.8381,3.6911
1572937556409,0.94509995,-2.2607,5.2061
1572937556419,1.184,-1.7772,5.2033997
1572937556429,1.813,-1.7594,4.8724
1572937556439,2.8046,-2.1945999,5.2774997
1572937556449,3.5307999,-2.3404999,5.995
1572937556459,3.1657999,-1.4879,6.4549
1572937556469,1.7269,-0.1488,6.4988
1572937556479,0.0354,1.4298999,5.7436
1572937556489,-1.2365999,2.724,4.4846997
1572937556499,-2.0409,3.3811998,3.1297
1572937556509,-2.4881,3.4777,2.1102
1572937556519,-2.6836,2.9173,1.6852
1572937556529,-2.7536,2.1965,1.958
1572937556539,-2.6062,1.4554,2.9345
1572937556549,-2.1478999,0.5162,3.8321998
1572937556559,-1.0403,-0.3534,4.4223
1572937556569,0.44709998,-1.0615,5.2395997
1572937556579,1.5171,-1.5469999,5.8863997
1572937556589,2.0936,-1.7865,5.9968
1572937556600,2.2226999,-1.7458999,5.4245
1572937556609,1.9791,-1.4564999,4.4874
1572937556619,1.3816,-1.1578,3.3377
1572937556629,0.78139997,-0.8912,2.1255999
1572937556640,0.1416,-0.63839996,1.0565
1572937556649,-0.2713,-0.4283,0.5556
1572937556659,-0.2373,-0.37829998,0.8075
1572937556669,0.3121,-0.4784,1.3808
1572937556679,1.1118,-0.8203,2.0981
1572937556689,1.7175,-1.1718,2.6339
1572937556700,1.9131,-1.4293,3.0047998
1572937556709,1.6043999,-1.6491,2.9722
1572937556719,1.0684,-1.6137999,2.4354
1572937556729,0.4858,-1.4905,1.4531
1572937556739,-0.081999995,-1.2669,0.43899998
1572937556750,-0.5338,-0.98899996,-0.3102
1572937556760,-0.713,-0.69299996,-0.5675
1572937556769,-0.7335,-0.60359997,-0.42
1572937556779,-0.6541,-0.5351,0.1422
1572937556789,-0.6153,-0.4705,0.75619996
1572937556799,-0.8849,-0.5189,0.92829996
1572937556809,-1.1194,-0.49339998,0.76379997
1572937556819,-1.2811999,-0.4895,0.5362
1572937556829,-1.418,-0.47579998,0.41189998
1572937556839,-1.4386,-0.4529,0.4506
1572937556849,-1.429,-0.4527,0.5158
1572937556860,-1.2879,-0.4299,0.7558
1572937556869,-1.0704,-0.49769998,1.123
1572937556880,-0.5987,-0.68039995,1.2746999
1572937556890,-0.0828,-0.89199996,1.1216999
1572937556900,0.3568,-1.0023999,1.0188999
1572937556909,0.3468,-1.0947,1.0049
1572937556922,0.0661,-1.1056,1.0509
1572937556929,-0.2341,-1.1087999,1.0351
1572937556939,-0.40649998,-1.132,0.9999
1572937556950,-0.4502,-1.1033,0.77919996
1572937556959,-0.3786,-1.0562,0.4438
1572937556969,-0.2236,-0.9443,0.1927
1572937556979,-0.175,-0.7877,0.087
1572937556989,-0.4122,-0.6229,-0.0207
1572937556999,-0.6698,-0.47399998,-0.22199999
1572937557009,-0.8016,-0.3927,-0.4423
1572937557019,-0.85539997,-0.3127,-0.715
1572937557029,-0.9034,-0.3064,-0.9052
1572937557039,-0.91499996,-0.4005,-0.80719995
1572937557049,-0.85889995,-0.5959,-0.4989
1572937557059,-0.8146,-0.7682,-0.118
1572937557069,-0.6031,-0.8634,0.2879
1572937557079,-0.3319,-0.9643,0.3762
1572937557089,-0.0866,-0.9956,0.2757
1572937557099,0.0711,-0.98899996,0.116799995
1572937557109,0.1381,-1.0352,-0.048499998
1572937557119,0.2191,-1.0487,-0.0508
1572937557129,0.3565,-1.0416,-0.045399997
1572937557139,0.3863,-1.0453,-0.0896
1572937557149,0.7323,-1.8943,0.2298
1572937557159,0.3019,-0.60569996,-1.1754
1572937557169,-0.1409,-0.45099998,-0.3001
1572937557179,-0.5223,-0.3094,-0.92329997
1572937557189,-0.607,-0.0852,-0.71709996
1572937557199,-0.61,-0.1187,-0.3033
1572937557209,-0.46649998,-0.23879999,-0.44799998
1572937557219,-0.3595,-0.1994,-0.3162
1572937557229,-0.50299996,-0.2456,-0.1718
1572937557239,-0.73499995,-0.41779998,0.3656
1572937557249,-2.3049998,-0.30789998,2.9276
1572937557259,-0.32799998,-0.9885,3.7752
1572937557269,1.4219999,0.2087,-4.3448997
1572937557279,-1.4811,0.39209998,3.1578
1572937557289,-0.016999999,-0.9917,0.84139997
1572937557299,0.2241,-0.0308,-0.8121
1572937557309,1.0004,-0.2936,0.2138
1572937557320,0.76129997,-0.15349999,0.4671
1572937557330,-0.44059998,-0.1336,0.0037999998
1572937557339,0.264,-0.0647,0.1055
1572937557349,0.4716,-0.16219999,0.096499994
1572937557359,0.043899998,-0.2401,0.0405
1572937557370,-0.0565,-0.1906,-0.0083
1572937557379,-0.25669998,-0.2586,-0.2189
1572937557389,-0.7273,-0.22829999,-0.4499
1572937557400,-1.6238999,-0.08,-0.59639996
1572937557409,-1.2749,0.20539999,-0.36699998
1572937557419,-0.023,-0.0088,0.1779
1572937557429,-0.0804,-0.076299995,0.1182
1572937557439,-0.2749,-0.095,-0.0084999995
1572937557449,-0.18599999,-0.035299998,-0.0691
1572937557460,-0.16499999,-0.0634,0.0128999995
1572937557469,0.68649995,-0.0033999998,0.1882
1572937557480,1.0933,-0.0018999999,0.2688
1572937557490,1.2624999,0.0378,0.3426
1572937557500,1.1917,-0.0011999999,0.3145
1572937557509,0.6257,-0.1287,0.4136
1572937557519,-1.1042,-0.2959,-0.0898
1572937557529,-2.0985,-0.052699998,1.4524
1572937557539,0.3003,-0.60859996,2.2134
1572937557549,0.77669996,-0.0402,-2.8950999
1572937557560,-1.4245,-0.1317,0.6551
1572937557570,-1.0282,-0.0072999997,-0.9194
1572937557580,-0.32029998,-0.1008,0.54069996
1572937557590,-0.3848,0.0055,-1.1394
1572937557599,-0.62229997,-0.1506,0.0875
1572937557609,0.1813,-0.111899994,0.4851
1572937557619,0.6447,-0.0821,0.62079996
1572937557629,-0.2148,-0.0042999997,0.1308
1572937557640,-0.4204,-0.0734,0.015899999
1572937557649,-0.3074,-0.112399995,0.044
1572937557659,-0.2516,-0.0824,0.098
1572937557669,-0.3509,-0.062099997,0.1312
1572937557679,-0.5893,-0.0914,0.1143
1572937557689,-0.782,-0.0712,0.2514
1572937557700,-1.0392,0.28329998,12.6651
1572937557709,0.6753,0.2443,-9.227799
1572937557719,1.1488,0.052199997,-8.6875
1572937557729,-0.8797,-0.4055,9.0026
1572937557739,-1.2239,0.0312,2.2365
1572937557749,-0.2908,-0.092199996,1.8047999
1572937557759,0.41849998,-0.0482,-3.2459
1572937557769,-0.25169998,-0.1339,1.0494
1572937557779,-0.35369998,-0.0579,0.9023
1572937557789,-0.0453,0.0022,-0.294
1572937557799,-0.17719999,-0.026899999,0.1766
1572937557809,-0.1902,-0.0665,0.34329998
1572937557819,-0.14469999,-0.095699996,-0.0095999995
1572937557829,-0.1647,-0.046699997,0.1766
1572937557839,-0.17289999,-0.0469,0.1864
1572937557850,-0.1347,-0.0762,0.10789999
1572937557859,-0.1445,-0.0859,0.1374
1572937557869,-0.1637,-0.037,0.15699999
1572937557879,-0.1734,-0.046699997,0.15699999
1572937557889,-0.1538,-0.0565,0.16679999
1572937557899,-0.1442,-0.0858,0.1472
1572937557912,-0.1541,-0.0661,0.1472
1572937557921,-0.17359999,-0.0563,0.15699999
1572937557929,-0.1734,-0.066,0.15699999
1572937557939,-0.1636,-0.0661,0.1472
1572937557949,-0.1538,-0.066199996,0.1374
1572937557959,-0.1634,-0.0565,0.1374
1572937557969,-0.18239999,-0.027099999,0.16679999
1572937557979,-0.182,-0.046699997,0.16679999
1572937557989,-0.1428,-0.066199996,0.1276
1572937557999,-0.1331,-0.066199996,0.1374
1572937558009,-0.17199999,-0.046499997,0.15699999
1572937558019,-0.1621,-0.0464,0.1472
1572937558030,-0.1621,-0.066,0.1374
1572937558039,-0.1522,-0.075899996,0.1374
1572937558049,-0.1619,-0.0466,0.1472
1572937558059,-0.1716,-0.046499997,0.1374
1572937558070,-0.1714,-0.056399997,0.1472
1572937558079,-0.1513,-0.0758,0.1374
1572937558089,-0.16059999,-0.055999998,0.1374
1572937558099,-0.1405,-0.046099998,0.1374
1572937558110,-0.1496,-0.0559,0.1472
1572937558119,-0.1393,-0.0656,0.1276
1572937558129,-0.1486,-0.0361,0.1374
1572937558139,-0.14819999,-0.0556,0.1472
1572937558149,-0.167,-0.0554,0.15699999
1572937558159,-0.1469,-0.065299995,0.1472
1572937558169,-0.13669999,-0.055499997,0.1374
1572937558180,-0.1559,-0.055499997,0.15699999
1572937558189,-0.1462,-0.0457,0.15699999
1572937558199,-0.1467,-0.0751,0.1374
1572937558209,-0.1662,-0.0752,0.1374
1572937558219,-0.1757,-0.065299995,0.1472
1572937558229,-0.1559,-0.0652,0.1276
1572937558239,-0.1555,-0.0554,0.1472
1572937558249,-0.1453,-0.055299997,0.15699999
1572937558259,-0.14479999,-0.055099998,0.1374
1572937558269,-0.1638,-0.0647,0.1276
1572937558279,-0.16239999,-0.0651,0.1472
1572937558289,-0.1322,-0.045199998,0.15699999
1572937558299,-0.1416,-0.0448,0.1472
1572937558309,-0.17,-0.0543,0.15699999
1572937558319,-0.1398,-0.063599996,0.1178
1572937558330,-0.1487,-0.0436,0.15699999
1572937558339,-0.177,-0.0435,0.15699999
1572937558349,-0.1565,-0.072299995,0.1178
1572937558359,-0.14559999,-0.081599995,0.1472
1572937558369,-0.1431,-0.0628,0.1472
1572937558379,-0.113199994,-0.042999998,0.14729999
1572937558389,-0.1215,-0.0535,0.14729999
1572937558400,-0.1405,-0.0532,0.1375
1572937558409,-0.1591,-0.053,0.15709999
1572937558419,-0.1679,-0.0528,0.1669
1572937558429,-0.1379,-0.0524,0.14729999
1572937558439,-0.1276,-0.051999997,0.14729999
1572937558449,-0.117,-0.041899998,0.14729999
1572937558459,-0.126,-0.0416,0.1375
1572937558469,-0.1545,-0.0413,0.14729999
1572937558479,-0.15359999,-0.0607,0.14729999
1572937558489,-0.14299999,-0.050699998,0.14729999
1572937558499,-0.118099995,-0.048499998,0.14739999
1572937558509,-0.113199994,-0.0464,0.14739999
1572937558520,-0.1275,-0.044499997,0.14739999
1572937558529,-0.113299996,-0.0618,0.1573
1572937558539,-0.0993,-0.0405,0.13769999
1572937558549,-0.104899995,-0.0389,0.1378
1572937558559,-0.1013,-0.028199999,0.1476
1572937558569,-0.1072,-0.036599997,0.1378
1572937558580,-0.094,-0.0448,0.1379
1572937558589,-0.109799996,-0.033999998,0.1379
1572937558600,-0.0871,-0.0332,0.138
1572937558610,-0.094,-0.0325,0.1576
1572937558619,-0.0818,-0.0413,0.1478
1572937558629,-0.060399998,-0.030599998,0.138
1572937558641,-0.0587,-0.03,0.1479
1572937558649,-0.0762,-0.029299999,0.1479
1572937558659,-0.0932,-0.0382,0.15779999
1572937558669,-0.0625,-0.037299998,0.15779999
1572937558679,-0.0705,-0.036399998,0.148
1572937558689,-0.068799995,-0.0164,0.15779999
1572937558699,-0.067099996,-0.0256,0.148
1572937558709,-0.074999996,-0.0346,0.1383
1572937558719,-0.0637,-0.0244,0.1481
1572937558730,-0.0717,-0.023899999,0.1481
1572937558739,-0.050899997,-0.0139,0.1481
1572937558749,-0.049799997,-0.0232,0.1383
1572937558760,-0.0583,-0.022699999,0.15799999
1572937558770,-0.0668,-0.0415,0.15799999
1572937558779,-0.0846,-0.031,0.14819999
1572937558790,-0.073199995,-0.0016,0.1384
1572937558800,-0.0622,-0.030499998,0.13849999
1572937558810,-0.0514,-0.0106,0.14829999
1572937558819,-0.069699995,-0.0202,0.1581
1572937558829,-0.0491,-0.029399998,0.13849999
1572937558839,-0.0482,-0.0289,0.14829999
1572937558850,-0.0376,-0.0188,0.13849999
1572937558859,-0.046499997,-0.0184,0.1484
1572937558869,-0.055299997,-0.0277,0.1484
1572937558879,-0.054399997,-0.027199998,0.1484
1572937558890,-0.0532,-0.0363,0.1484
1572937558899,-0.052199997,-0.0069,0.1484
1572937558909,-0.041899998,-0.0067,0.1485
1572937558921,-0.0413,-0.0162,0.1485
1572937558930,-0.040799998,-0.0063,0.1681
1572937558940,-0.049799997,-0.0158,0.1485
1572937558949,-0.058799997,-0.0252,0.1485
1572937558959,-0.0481,-0.015199999,0.1485
1572937558970,-0.027999999,-0.0150999995,0.1485
1572937558979,-0.037299998,-0.034199998,0.1682
1572937558990,-0.056199998,0.0145,0.12889999
1572937558999,-0.0459,-0.0145,0.1584
1572937559009,-0.0267,-0.0244,0.1485
1572937559019,-0.0372,-0.0244,0.1387
1572937559030,-0.0376,-0.034199998,0.1485
1572937559039,-0.0576,-0.0341,0.1583
1572937559050,-0.0385,-0.0244,0.1485
1572937559059,-0.0393,-0.0244,0.12889999
1572937559069,-0.0301,-0.0046,0.1387
1572937559079,-0.0404,-0.0144,0.18769999
1572937559089,-0.050899997,-0.0243,0.1583
1572937559099,-0.051,-0.0535,0.1779
1572937559110,-0.021699999,-0.0436,0.1191
1572937559120,-0.0219,-0.0337,0.1191
1572937559129,-0.031799998,0.0055,0.1583
1572937559139,-0.060799997,0.0641,0.1681
1572937559150,-0.050699998,0.024899999,0.18769999
1572937559160,-0.021699999,-0.0435,0.1191
1572937559170,-0.012,-0.0824,0.109299995
1572937559180,-0.0412,-0.062699996,0.1387
1572937559189,-0.079799995,-0.0139999995,0.1387
1572937559199,-0.0694,0.054399997,0.19749999
1572937559209,-0.030499998,0.0052,0.1485
1572937559219,0.0279,-0.063,0.12889999
1572937559230,-0.0112,-0.043399997,0.12889999
1572937559240,-0.069699995,0.0055,0.1583
1572937559250,-0.049999997,-0.014099999,0.1583
1572937559260,-0.030599998,-0.043399997,0.1485
1572937559269,-0.0207,-0.043399997,0.1583
1572937559279,-0.0403,-0.0139,0.1485
1572937559290,-0.06,0.015299999,0.1681
1572937559300,-0.0405,-0.0042,0.1583
1572937559309,-0.0209,-0.0334,0.1485
1572937559319,-0.0401,-0.0039999997,0.1485
1572937559330,-0.0491,-0.013499999,0.1387
1572937559340,-0.038799997,-0.023,0.1485
1572937559350,-0.0288,-0.0324,0.1485
1572937559359,-0.0285,-0.0223,0.1387
1572937559369,-0.0378,-0.012399999,0.1584
1572937559379,-0.0471,-0.0025,0.1584
1572937559389,-0.0176,-0.0219,0.1388
1572937559402,-0.0368,-0.021699999,0.1486
1572937559410,-0.036399998,-0.021399999,0.1486
1572937559419,-0.0455,-0.0018,0.1388
1572937559429,-0.0449,-0.0309,0.1486
1572937559439,-0.0347,-0.0112,0.1682
1572937559450,-0.0343,-0.0111,0.1584
1572937559459,-0.0244,-0.020499999,0.1388
1572937559469,-0.0241,-0.020299999,0.1486
1572937559479,-0.0334,-0.0104,0.1584
1572937559490,-0.033,-0.010199999,0.1486
1572937559500,-0.023,-0.0198,0.1486
1572937559509,-0.0324,-0.0195,0.1585
1572937559519,-0.0319,-0.019299999,0.1094
1572937559530,-0.021699999,-0.038399998,0.1291
1572937559540,-0.021499999,-0.028299998,0.1487
1572937559549,-0.0504,0.088199995,0.1683
1572937559559,-0.0883,0.0393,0.1977
1572937559569,9.999999E-4,-0.087799996,0.1585
1572937559580,0.0674,-0.1069,0.040799998
1572937559589,-0.0404,0.020499999,0.1389
1572937559600,-0.0977,0.0106999995,0.2272
1572937559609,-0.038799997,-0.0382,0.1978
1572937559619,0.009,-0.038,0.1095
1572937559630,-0.020299999,0.0109,0.1487
1572937559641,-0.0394,-0.0087,0.1389
1572937559649,-0.0396,-0.047799997,0.1487
1572937559659,-0.039699998,-0.0379,0.1291
1572937559670,-0.0493,0.059899997,0.18789999
1572937559680,-0.0198,0.030399999,0.18789999
1572937559690,0.0093,-0.028199999,0.1389
1572937559700,-0.0207,-0.0673,0.1291
1572937559709,-0.059899997,-0.018299999,0.1389
1572937559719,-0.059699997,-0.0084,0.1585
1572937559729,-0.0109,-0.0084,0.1683
1572937559740,0.0079,-0.0082,0.1585
1572937559750,-0.021599999,0.0015,0.1585
1572937559759,-0.0222,-0.0276,0.1291
1572937559769,-0.0321,-0.0177,0.1585
1572937559780,-0.0517,-0.0178,0.1389
1572937559789,-0.0224,0.0018,0.1683
1572937559799,0.0066,-0.0274,0.1487
1572937559809,-0.0033,-0.037299998,0.1487
1572937559819,-0.052199997,0.0018999999,0.1487
1572937559829,-0.0326,0.0018999999,0.1487
1572937559839,-0.022799999,-0.0273,0.1487
1572937559850,-0.022799999,-0.0075999997,0.1585
1572937559860,-0.0128,-0.0175,0.1389
1572937559870,-0.0222,-0.0077,0.17809999
1572937559880,-0.0219,-0.0173,0.1683
1572937559889,-0.0023,-0.016999999,0.1487
1572937559900,-0.021699999,0.0026,0.1487
1572937559912,-0.021499999,-0.0167,0.1487
1572937559921,-0.0211,-0.0166,0.1585
1572937559929,-0.030599998,-0.0067999996,0.1487
1572937559939,-0.030399999,0.0028,0.1389
1572937559949,-0.0103,-0.0263,0.1585
1572937559959,-0.0196,-0.0067,0.1585
1572937559969,-0.009699999,0.0029,0.1487
1572937559980,-0.0385,0.0028,0.1389
1572937559990,-0.028199999,-0.0265,0.1487
1572937559999,0.0013,-0.0363,0.1488
1572937560010,-0.0276,0.0026,0.1488
1572937560019,-0.0173,0.0026999998,0.1586
1572937560029,-0.0072,0.0026,0.1488
1572937560039,-0.025899999,-0.0169,0.1488
1572937560049,-0.044299997,-0.0072999997,0.1586
1572937560059,-0.023699999,0.0122,0.1586
1572937560069,-0.023,0.0121,0.1586
1572937560079,-0.0131,0.0022,0.119399995
1572937560089,-0.0128,0.0317,0.16839999
1572937560100,-0.0316,0.0121,0.24689999
1572937560109,-0.0508,-0.027099999,0.2175
1572937560119,-0.021399999,-0.027099999,0.1292
1572937560129,-0.0404,-0.027099999,0.1391
1572937560139,-0.0296,-0.0075999997,0.1881
1572937560149,-0.029399998,0.021599999,0.16849999
1572937560159,-0.019399999,-0.0077,0.16849999
1572937560169,4.9999997E-4,-0.0372,0.1293
1572937560179,-0.0185,-0.0371,0.1881
1572937560190,-0.027999999,-0.0078,0.1195
1572937560199,-0.007999999,-0.0077,0.1881
1572937560209,-0.0077,-0.0274,0.1195
1572937560219,-0.0365,0.0018,0.15869999
1572937560230,-0.0554,-0.0178,0.15869999
1572937560239,-0.0451,0.0312,0.1489
1572937560250,0.0044,-0.0177,0.15879999
1572937560259,-0.024699999,0.0117,0.1293
1572937560269,-0.0145,-0.0175,0.198
1572937560279,-0.0536,0.012,0.1294
1572937560289,-0.0139999995,-0.026999999,0.198
1572937560299,-0.0433,0.012,0.1294
1572937560309,0.015899999,-0.0072999997,0.2373
1572937560319,-0.0037,-0.026899999,0.109799996
1572937560329,-0.022799999,-0.016999999,0.1686
1572937560340,-0.0323,-0.036599997,0.1392
1572937560349,-0.051599998,0.0122,0.050899997
1572937560359,0.018,-0.0367,0.20789999
1572937560369,-0.050699998,0.0415,0.1294
1572937560379,0.0087,-0.0075,0.1883
1572937560389,-0.0401,0.0315,0.1392
1572937560399,0.0092,-0.0174,0.2373
1572937560409,-0.030299999,0.0121,0.109799996
1572937560419,-0.0105,0.0023,0.20789999
1572937560430,-0.020299999,-0.0074,0.1687
1572937560440,-0.059299998,0.0022,0.14899999
1572937560450,-0.0392,-0.0173,0.1785
1572937560459,-0.0389,0.0022,0.1196
1572937560469,0.0106999995,-0.027099999,0.1687
1572937560479,-0.028099999,0.0315,0.14909999
1572937560489,-0.0079,-0.0173,0.1981
1572937560499,-0.037299998,0.021699999,0.1099
1572937560509,0.0023999999,-0.037,0.20789999
1572937560519,-0.0365,0.0117,0.14909999
1572937560529,-0.0163,-0.0177,0.1785
1572937560539,-0.0354,-0.0178,0.14909999
1572937560549,-0.035299998,-0.0178,0.1197
1572937560560,-0.0255,0.0016999999,0.1197
1572937560570,-0.0254,0.0116,0.1687
1572937560580,-0.024899999,-0.0276,0.1982
1572937560589,0.0046,0.0016999999,0.1884
1572937560599,-0.0047999998,0.0016,0.0903
1572937560609,-0.0535,0.0311,0.1688
1572937560619,-0.023599999,-0.0277,0.257
1572937560629,-0.053099997,0.0212,0.1393
1572937560641,-0.0039,-0.0081,0.1884
1572937560649,-0.023699999,0.0112,0.159
1572937560660,0.0056999996,-0.018099999,0.14919999
1572937560669,-0.0626,-0.0081,0.011899999
1572937560679,-0.023,-0.0179,0.1982
1572937560689,-0.0424,-0.057099998,0.0413
1572937560699,-0.0126,0.0016,0.021699999
1572937560709,0.0072,-0.0473,0.13939999
1572937560720,-0.0224,0.060799997,-0.037
1572937560729,-0.0117,-0.0468,0.3453
1572937560740,-0.0021,-0.0174,0.2276
1572937560749,-0.0317,-0.0072999997,-0.037
1572937560759,-0.021399999,-0.0169,0.2179
1572937560769,-0.050699998,-0.017099999,0.2767
1572937560779,0.0276,-0.017199999,0.1688
1572937560789,-0.0416,0.022,0.011899999
1572937560799,-0.031,0.0025,0.20799999
1572937560810,-0.0902,0.0319,0.1688
1572937560819,0.0078,-0.046299998,0.11
1572937560829,-0.0122,0.022499999,0.11
1572937560839,-0.0314,0.0126,0.20799999
1572937560849,-0.012,0.0128,0.13939999
1572937560859,-0.0022,-0.0361,0.13939999
1572937560869,-0.0121,-0.0262,0.1296
1572937560879,-0.051,0.0323,0.159
1572937560889,-0.051,-0.0166,0.1688
1572937560900,-0.0117,-0.0361,0.13939999
1572937560912,-0.021499999,-0.0457,0.1296
1572937560921,-0.0311,0.0326,0.14919999
1572937560929,-0.0013,-0.0064,0.13939999
1572937560939,0.0084,-0.0064,0.13939999
1572937560949,-0.0112,-0.025899999,0.1688
1572937560959,-0.0404,-0.0061999997,0.159
1572937560969,-0.0208,-0.025799999,0.1688
1572937560980,-0.030599998,-0.015899999,0.1885
1572937560989,-0.0311,-0.0158,0.119799994
