1572938928079,-3.7540998,-0.598,-0.97279996
1572938928089,-3.5052998,-0.6078,-0.52849996
1572938928099,-3.156,-0.5283,-0.028199999
1572938928109,-2.9989,-0.487,0.3129
1572938928119,-2.915,-0.63089997,0.36949998
1572938928129,-2.7361999,-0.84209996,0.41579998
1572938928139,-2.5484,-1.022,0.6647
1572938928149,-2.3704,-0.9942,1.0163
1572938928159,-2.2909,-0.6999,0.9619
1572938928169,-2.3083,-0.0314,0.5329
1572938928179,-2.5173,1.0307,0.2787
1572938928190,-2.6009,2.1238,0.1981
1572938928199,-2.4493,2.9239,0.4285
1572938928209,-2.1497,3.0288,0.7622
1572938928219,-1.9284999,2.2029,0.8254
1572938928229,-2.0244,0.8089,-0.1453
1572938928240,-2.1289,-0.89839995,-1.6906999
1572938928249,-1.8801,-2.419,-2.7637
1572938928259,-0.96099997,-3.4487,-2.6525
1572938928269,0.2697,-3.7623,-1.6135
1572938928280,1.6746999,-2.909,-1.1639999
1572938928290,2.9998,-1.2615,-1.9835
1572938928299,4.0773,0.4055,-3.0440998
1572938928309,4.6377,1.9361,-3.4873998
1572938928319,4.5723,3.0758,-3.2187
1572938928330,4.1063,3.4134,-2.2681
1572938928340,3.1432,2.8027,-1.6941999
1572938928349,1.7297,1.9205999,-1.2518
1572938928360,0.13239999,1.2368,-0.8652
1572938928370,-1.1699,0.6127,-0.608
1572938928379,-2.3158998,0.1642,-0.8264
1572938928389,-3.4385,0.0175,-0.8064
1572938928400,-3.8033998,0.0252,-0.8181
1572938928409,-3.2556,0.0405,-1.2462
1572938928419,-2.562,0.28939998,-1.4911
1572938928429,-1.8843,0.62479997,-1.4964
1572938928439,-1.1406,0.81229997,-1.4749999
1572938928449,-0.4448,0.8236,-1.4431
1572938928459,0.23789999,0.62,-1.4670999
1572938928470,0.7272,0.261,-1.6233
1572938928479,1.208,-0.18429999,-1.7047
1572938928490,1.5924,-0.70669997,-1.6940999
1572938928499,1.8551999,-1.2773,-1.8197999
1572938928509,1.9415,-1.6417999,-1.8599999
1572938928519,2.0109,-1.8798,-1.5437
1572938928529,1.7414999,-1.7756,-0.7143
1572938928539,1.5263,-1.6822,0.2573
1572938928549,1.1999999,-1.5303999,1.2973
1572938928560,0.94879997,-1.3589,1.5554999
1572938928570,0.98679996,-1.3729999,1.2406
1572938928579,1.0881,-1.4650999,1.3306
1572938928590,1.3019999,-1.5567,1.3154
1572938928599,1.5595,-1.6080999,1.3635
1572938928609,1.8592999,-1.4425,1.5439999
1572938928619,1.9856999,-0.9715,1.7485
1572938928629,2.0265,-0.2932,1.967
1572938928639,1.9116,0.4351,2.4127
1572938928649,1.9331,0.9679,3.0430999
1572938928659,2.0612,1.2462,3.3867998
1572938928669,2.2058,1.1425999,3.7884998
1572938928679,3.3263998,0.8125,4.1040998
1572938928689,3.8218,0.97129995,3.8035998
1572938928699,3.7115,1.1274999,3.3543
1572938928709,2.8941,1.418,3.1267
1572938928719,1.9139999,1.6962,3.3683999
1572938928730,1.3393999,1.7465999,3.738
1572938928740,1.1629,1.6571,3.7443
1572938928749,1.0445,1.5056,3.3646998
1572938928759,0.78999996,1.5268999,2.9705
1572938928769,0.46629998,1.9472,2.7886
1572938928779,-0.0268,2.355,1.9957999
1572938928789,-0.78099996,3.2194,0.9384
1572938928799,-2.261,4.2936997,1.0483
1572938928809,-2.9858,3.9815,0.9292
1572938928819,-2.1936,2.1469998,-0.0045
1572938928829,-0.8973,-0.2193,-0.93729997
1572938928839,-0.099,-1.9397999,-1.5291
1572938928849,0.0897,-2.5899,-2.276
1572938928859,-0.1557,-2.8337,-2.9747
1572938928869,-0.8846,-2.1694999,-2.9002
1572938928879,-1.4621999,0.041899998,-3.1206
1572938928890,-2.0588999,3.2243,-0.8911
1572938928900,-2.0756,5.329,3.7034
1572938928909,-2.4652,6.7566,6.6309
1572938928919,-1.8669,7.1807,5.2314
1572938928929,0.1081,6.4121,1.0574
1572938928939,1.4868,4.4968,-4.6363
1572938928949,2.6891,2.2995,-7.3535
1572938928959,3.2073,0.8727,-7.0081997
1572938928970,3.1759,-0.19299999,-3.7475998
1572938928980,3.0344,-0.8861,-0.1081
1572938928989,2.7549,-1.1113,1.1815
1572938928999,1.6021999,-0.689,0.18869999
1572938929010,-0.033299997,-0.49469998,-1.3075
1572938929020,-1.0402,-0.2199,-2.2424
1572938929029,-1.5238,-0.2949,-2.9833
1572938929039,-1.698,-0.81769997,-3.218
1572938929049,-2.2057,-1.3869,-3.0746
1572938929059,-2.4450998,-2.2779999,-2.1792
1572938929069,-2.5549,-2.9243,-1.3218
1572938929079,-2.7382,-3.0837,-0.5076
1572938929089,-2.0995,-3.4954998,-0.1116
1572938929099,-1.3514,-3.7788,-0.024799999
1572938929109,-1.2231,-3.8848,-0.2189
1572938929119,-1.295,-4.0499997,-0.20349999
1572938929130,-1.3515999,-4.2265997,-0.0652
1572938929139,-1.4193,-4.3092,0.1305
1572938929149,-1.5633,-4.3978,0.3383
1572938929159,-1.5783,-4.6691,0.48029998
1572938929169,-1.6027,-5.0032,0.6229
1572938929179,-1.9010999,-5.1328,0.871
1572938929190,-2.1585,-5.0849,0.85889995
1572938929199,-1.9993999,-5.0627,0.9657
1572938929210,-1.5762999,-5.1714,1.364
1572938929219,-1.1215,-5.1837,2.0119
1572938929229,-0.5823,-5.0889,2.781
1572938929239,0.0166,-4.5527,3.1891
1572938929249,0.60249996,-3.3772,3.0056999
1572938929260,1.1601,-1.6087999,2.9375
1572938929269,1.3563,0.54859996,3.1901
1572938929279,1.2257999,2.9396,2.5705
1572938929290,0.73249996,6.4389,0.15609999
1572938929299,-0.0784,10.807,2.8
1572938929310,-1.3852999,13.0624,1.0026
1572938929319,-1.798,9.788799,1.7199
1572938929331,0.091,4.0822997,3.6076999
1572938929341,-0.3946,1.9117,7.1734
1572938929350,-1.6660999,1.3693,9.2409
1572938929359,-2.4033,-0.2094,8.448299
1572938929369,-2.6207,-1.8794999,5.3396
1572938929379,-2.6193,-2.2719998,-1.4327999
1572938929389,-3.2391,-1.5773,-7.5297
1572938929400,-3.9696,0.0668,-11.351999
1572938929409,-3.1917999,1.8528999,-11.3477
1572938929419,-0.2586,1.5704,-4.0723
1572938929429,2.2784,-0.2814,4.1294
1572938929439,3.3123,-2.1838,4.973
1572938929449,2.9742,-3.817,1.8442999
1572938929459,1.5234,-4.2264,-1.1499
1572938929469,0.17379999,-3.6639998,-2.9675
1572938929479,-1.5352,-2.3657,-3.5514998
1572938929490,-3.9401,-0.3709,-3.174
1572938929499,-5.7489,1.5172,-1.6373
1572938929509,-4.9177,2.1332,0.4497
1572938929519,-3.3851,1.7427,1.9534999
1572938929529,-1.8932999,0.9449,1.1668999
1572938929539,-0.81799996,0.0243,-0.84129995
1572938929550,-0.97529995,-0.8634,-2.6897
1572938929560,-1.1579,-1.7791,-3.5898
1572938929570,-1.3863,-2.0479,-2.7767
1572938929579,-1.2724999,-1.5632,-0.73899996
1572938929589,-0.4012,-0.942,0.80039996
1572938929599,0.93189996,-0.359,1.563
1572938929609,1.9415,-0.18609999,1.4372
1572938929619,2.1503,-0.109699994,0.5951
1572938929629,1.7378,-0.0521,-0.18779999
1572938929640,0.6475,0.015,-0.8002
1572938929650,0.4448,-0.0354,-1.1146
1572938929659,0.22299999,-0.1264,-0.4314
1572938929669,-0.096999995,0.12529999,0.2656
1572938929679,-0.3441,0.37809998,0.31849998
1572938929689,-0.1617,0.1812,0.5104
1572938929699,-0.029299999,-0.0052,0.93469995
1572938929709,0.31919998,-0.2306,1.4232
1572938929719,0.7399,-0.30859998,1.3995
1572938929729,1.1954,-0.21959999,1.2559
1572938929739,1.4508,0.23259999,1.2574999
1572938929749,1.4548,0.8325,1.8747
1572938929759,1.5194,1.1582999,2.7835999
1572938929769,1.0744,1.1511999,3.3274999
1572938929779,1.3743,0.575,3.5512998
1572938929789,2.3127,-0.1692,4.6477
1572938929799,2.3667,-0.57089996,2.2066998
1572938929810,3.273,-0.60359997,2.629
1572938929819,3.8302,0.1158,2.6727
1572938929829,3.925,0.6964,2.2259
1572938929839,3.9273999,0.589,1.8505
1572938929849,3.9596,0.17639999,1.1783999
1572938929860,3.9661,0.0469,0.17009999
1572938929870,3.7166,0.7592,-0.4113
1572938929879,2.9768999,2.1755,-0.3919
1572938929889,1.4229,3.9025,0.4886
1572938929900,-0.1856,5.0864,1.277
1572938929909,-1.2351999,4.8634996,1.175
1572938929920,-1.369,3.9884,0.5287
1572938929929,-1.4958,2.8625998,0.5646
1572938929939,-2.0298998,1.6740999,0.1531
1572938929950,-2.5089,0.25779998,-0.7184
1572938929959,-2.6915998,-1.2858,-1.3357999
1572938929969,-3.0744,-1.9720999,-1.6473
1572938929979,-4.0859,-1.063,-0.8099
1572938929989,-5.0863,1.6401,1.4314
1572938929999,-4.8241,4.2667,4.9712996
1572938930009,-4.3162,5.786,6.4614997
1572938930019,-3.2019,5.6944,4.2966
1572938930029,-1.8147,4.1268,1.0101
1572938930039,-0.59749997,2.8859,-3.0003
1572938930050,0.6773,2.4512,-6.7907
1572938930060,1.6676999,1.3819,-7.6369996
1572938930069,2.3309,0.72279996,-7.4013996
1572938930079,2.7577999,0.43809998,-4.6408997
1572938930090,2.6678998,0.30249998,-0.726
1572938930099,1.9629999,0.22479999,2.4466
1572938930109,1.0935999,0.2478,2.7786
1572938930119,0.1749,0.21059999,0.8479
1572938930129,-0.662,-0.3583,-2.5664
1572938930139,-1.3630999,-1.5914999,-3.375
1572938930149,-1.4386,-2.9282,-4.0931997
1572938930159,-2.0814,-3.7043998,-4.2952
1572938930170,-2.705,-3.724,-2.6095998
1572938930180,-2.9355,-3.4919,-1.1927999
1572938930190,-2.4122999,-3.6213,-1.4167
1572938930199,-2.3813,-3.2596,-1.3907
1572938930209,-2.2593,-2.975,-1.1474
1572938930219,-2.0802999,-2.9844,-0.67609996
1572938930229,-1.7989999,-3.2308,-0.0726
1572938930239,-1.3289,-3.4413998,0.2437
1572938930249,-1.9303999,-3.6776,-0.4389
1572938930260,-2.1671,-4.1734,-0.7802
1572938930269,-2.1220999,-4.4858,-0.479
1572938930279,-2.3041,-4.672,0.2961
1572938930289,-2.3755,-4.9276,0.9776
1572938930300,-2.3758,-5.1345,1.8316
1572938930310,-2.0592,-5.4491997,2.5856
1572938930319,-1.3549,-5.8507,3.0147998
1572938930330,-1.0122,-5.973,3.5658
1572938930340,-0.0755,-5.5288997,3.4801998
1572938930349,1.1187,-4.3082,2.8853
1572938930359,2.4706,-2.7779,2.2691
1572938930370,4.1226997,-1.2107999,1.0634
1572938930380,3.4675999,1.64,0.6186
1572938930390,1.3306999,6.1212997,-2.1269
1572938930400,-1.0648999,11.965099,-0.7216
1572938930410,-4.7413,17.1237,2.6231
1572938930420,-7.1777997,15.3612995,3.0885
1572938930429,-2.7542,7.3395,2.771
1572938930439,-1.0577999,2.3486,7.4721
1572938930449,-1.6078999,0.42029998,9.6746
1572938930460,-2.4071,-1.1223,9.3961
1572938930469,-2.4649,-1.6334,4.9463997
1572938930479,-2.5556,-1.1286,-3.5777998
1572938930489,-2.9801,-0.5283,-11.1381
1572938930500,-2.7612998,0.2418,-14.4794
1572938930509,-0.6365,0.3081,-9.572599
1572938930519,2.3883,-0.8376,0.4761
1572938930529,4.0401998,-2.5400999,4.4149
1572938930539,4.653,-4.2942,0.78849995
1572938930549,4.1264,-4.9695997,-3.2129
1572938930560,2.3365998,-4.1649,-3.8597999
1572938930570,0.4942,-2.5739,-3.8179
1572938930579,-1.7303,-0.47149998,-3.6409
1572938930589,-4.3585,1.8786999,-3.1309998
1572938930599,-6.2812,3.7029,-0.62149996
1572938930609,-4.0695,2.2941,2.6671
1572938930619,-2.4357,0.6622,3.0023
1572938930629,-1.4915999,-0.5058,0.5496
1572938930639,-0.7464,-1.1302,-2.3557
1572938930649,-0.91239995,-1.4369999,-4.0489
1572938930659,-1.2085999,-1.7119,-4.0
1572938930670,-1.4348999,-1.5347999,-2.6834998
1572938930679,-1.1988,-0.97499996,-0.3543
1572938930689,-0.3274,-0.3466,2.1517
1572938930699,0.7126,-0.1589,3.3248
1572938930709,1.5041,-0.4114,2.7517998
1572938930720,1.9693999,-0.85889995,1.4797
1572938930729,2.1334,-1.0997,0.19839999
1572938930739,2.2098,-1.0656999,-1.2127
1572938930749,2.1043,-0.9438,-1.5228
1572938930759,1.8262,-0.8416,-0.9449
1572938930769,1.4708999,-0.70919997,-0.6274
1572938930779,0.8551,-0.5067,0.0683
1572938930791,0.6001,-0.5182,0.4553
1572938930799,0.64519995,-0.5378,0.6191
1572938930810,0.6904,-0.39949998,0.7327
1572938930819,0.6985,-0.1427,1.0004
1572938930829,0.6408,0.23259999,1.4320999
1572938930839,0.5962,0.7755,1.8320999
1572938930849,0.4976,1.3388,2.8860998
1572938930859,0.31489998,1.4024,2.906
1572938930869,0.346,0.9946,3.0719
1572938930879,0.4288,0.22219999,3.0268998
1572938930889,1.0267999,-0.4052,3.0333
1572938930901,2.3811,-0.54219997,2.5084
1572938930912,4.1084,0.248,1.1075
1572938930922,5.4133997,1.0842,0.089099996
1572938930929,6.2023997,1.6724,0.1349
1572938930940,6.0106997,1.9060999,0.3475
1572938930949,5.4795,1.4333,-0.8337
1572938930959,4.7049,1.6159999,-1.8585999
1572938930969,2.8147,3.2668998,-1.1898999
1572938930979,0.99149996,4.7869,0.042999998
1572938930989,0.0427,4.8715,0.2904
1572938930999,-0.4391,4.1373,-0.14649999
1572938931010,-0.6164,3.34,-0.4588
1572938931019,-1.4893999,2.2553,0.0863
1572938931029,-2.6128,0.728,0.3974
1572938931040,-3.1302998,-0.91569996,-0.50839996
1572938931049,-3.6213,-2.202,-1.5462999
1572938931059,-4.5074,-2.5198,-1.4046999
1572938931069,-5.8355,-0.9055,0.89919996
1572938931079,-6.3136,2.1522,4.9184
1572938931089,-4.7889,4.3185997,7.5390997
1572938931099,-3.3237,5.5027,7.1088
1572938931109,-1.4894999,5.1721,4.483
1572938931119,0.039,4.2945,0.2085
1572938931129,0.7495,3.6216,-5.8142
1572938931139,1.5734999,2.6137,-10.252299
1572938931149,2.2533,1.5018,-10.8796
1572938931159,2.814,0.67649996,-8.9253
1572938931169,2.8639998,0.072299995,-5.0916
1572938931180,2.1376,-0.3042,-1.1581
1572938931189,1.5134,-0.4886,2.3967
1572938931199,0.7851,-0.5661,1.9104999
1572938931209,-0.063,-0.75339997,-0.011299999
1572938931219,-0.87409997,-1.3629,-1.6423999
1572938931229,-1.5967,-2.343,-2.3446999
1572938931239,-2.178,-3.4399,-2.2148
1572938931250,-2.5676,-4.362,-1.4935
1572938931259,-2.3047,-4.9372997,-0.69299996
1572938931269,-2.2231998,-4.6207,-0.1117
1572938931279,-1.9807999,-3.7579,-0.6684
1572938931290,-1.8910999,-2.8088,-2.2293
1572938931299,-1.8736999,-2.368,-2.783
1572938931309,-1.9375,-2.3260999,-2.3132
1572938931319,-1.946,-2.5965998,-1.3075
1572938931330,-1.9462999,-3.0256,-0.761
1572938931339,-2.0509999,-3.6162,-0.7861
1572938931350,-2.3146,-4.0341,-0.6387
1572938931359,-2.6678998,-4.5143,-0.1812
1572938931370,-2.9275,-4.8691,0.8308
1572938931379,-2.9002,-5.1075,1.9181
1572938931389,-2.4708998,-5.5239997,2.4666
1572938931400,-2.5565,-5.6752,2.9754999
1572938931409,-1.6036999,-5.5278997,2.9896
1572938931419,-0.6468,-4.8717,2.7268
1572938931430,0.5329,-4.1240997,2.1292999
1572938931439,1.9969,-3.2138999,1.3176999
1572938931450,2.9728,-1.6599,0.75619996
1572938931460,2.1955,0.5876,-0.7206
1572938931469,0.935,4.5806,-1.2443
1572938931480,-0.7504,9.4595995,-1.8743999
1572938931490,-3.2368,14.248899,0.51339996
1572938931499,-5.6772,15.574699,3.8467999
1572938931509,-2.2012,9.6834,3.8701
1572938931519,0.89629996,3.4764998,6.8545
1572938931529,1.1609,1.3551999,11.0271
1572938931539,0.081099994,1.0573,11.4514
1572938931549,-0.2532,-0.2411,8.429
1572938931559,-0.5567,-0.9791,0.2823
1572938931569,-1.0762,-1.0948,-8.481
1572938931579,-2.8948998,0.1381,-13.717799
1572938931589,-3.6483,1.0803,-14.2295
1572938931599,-0.5825,-0.3087,-6.5098
1572938931609,2.5045,-2.2763999,3.7756999
1572938931619,4.6826,-4.0334997,4.8724
1572938931629,4.8887,-4.614,1.0206
1572938931639,3.1346998,-4.3448997,-2.4384
1572938931650,1.0296,-3.2124999,-4.6314
1572938931659,-1.0783,-1.5296999,-4.7342
1572938931669,-4.1433,0.5767,-3.2904
1572938931679,-6.9691997,2.2057,-0.4351
1572938931690,-5.2166,1.6807,2.233
1572938931699,-2.9117,0.44169998,2.4349
1572938931709,-1.8495,-0.0691,0.6971
1572938931719,-1.4341999,-0.48799998,-2.0481
1572938931730,-1.3386999,-1.3349999,-3.9334
1572938931740,-1.4027,-1.8069999,-3.9517999
1572938931749,-1.3364999,-1.6797999,-2.3590999
1572938931760,-1.1321,-0.8659,-0.1122
1572938931770,-0.213,-0.2472,1.4218
1572938931779,0.93079996,-0.33269998,1.8773999
1572938931790,1.8018,-0.38709998,1.5153999
1572938931799,2.0948,-0.58739996,0.643
1572938931809,2.0534,-0.7874,-0.0105
1572938931819,2.0049999,-0.7818,-0.624
1572938931829,1.5526999,-0.61039996,-0.6094
1572938931839,0.97859997,-0.4789,-0.21939999
1572938931849,0.552,-0.41529998,-0.041899998
1572938931859,0.4351,-0.4387,-0.29909998
1572938931869,0.0744,-0.4312,0.1026
1572938931879,0.35999998,-0.5406,0.87479997
1572938931889,0.664,-0.3933,1.0625
1572938931900,0.6573,-0.11669999,0.9313
1572938931910,0.848,0.27899998,1.6441
1572938931920,0.5488,0.87219995,1.2487999
1572938931930,0.3249,1.1718,2.281
1572938931940,0.2978,0.90209997,3.2245
1572938931949,0.108799994,0.2782,2.9989
1572938931959,0.63879997,-0.3868,2.9436998
1572938931969,1.2617999,-0.66249996,2.6734
1572938931979,2.4982,-0.5482,2.1522
1572938931989,4.1681,0.28959998,1.2925999
1572938931999,5.2760997,1.5271,0.36929998
1572938932010,5.6137,2.076,0.3584
1572938932020,5.3385,1.7709999,0.0066
1572938932029,4.8043,1.4556999,-1.0555
1572938932039,3.6764,1.9818,-1.2303
1572938932049,1.9135,3.1618998,-0.5265
1572938932060,0.6789,4.0344,0.11229999
1572938932069,-0.3211,4.2749,0.25759998
1572938932079,-1.1640999,4.0979,0.27089998
1572938932090,-1.6847999,3.3865,0.189
1572938932099,-2.8799999,2.2217999,0.4182
1572938932109,-3.7584,0.4182,0.399
1572938932119,-4.1911,-1.3838999,-0.1443
1572938932130,-4.6275,-2.514,-0.16759999
1572938932139,-5.5364,-1.9973999,0.8164
1572938932149,-5.9691,0.32549998,2.3709
1572938932159,-4.9872,2.9735,3.5953
1572938932170,-3.7914999,4.8059998,3.4608
1572938932179,-2.7668,5.8894,2.0312998
1572938932189,-1.2239,5.6731997,-0.32279998
1572938932199,0.5787,4.5081,-4.0832
1572938932209,1.9355999,3.4326,-7.6281996
1572938932220,2.6871998,2.1669,-8.3139
1572938932230,3.3653,1.1491,-5.2748
1572938932239,3.6792,-0.0123,-1.8403
1572938932249,2.9666,-0.6834,1.4175999
1572938932259,2.0732,-0.5742,3.5547
1572938932269,0.67829996,-0.1733,2.8818
1572938932279,-0.4734,-0.0714,0.6669
1572938932289,-1.1415,-0.443,-2.0328
1572938932299,-1.8845999,-1.1874,-2.9744
1572938932309,-2.2128,-2.4494,-4.3515997
1572938932319,-2.1461,-3.4740999,-4.2932
1572938932330,-2.4252,-3.8105998,-3.0665
1572938932340,-2.5149999,-3.7173998,-1.9873999
1572938932350,-2.4910998,-3.4145,-1.0864999
1572938932359,-2.3123999,-3.2391999,-0.7696
1572938932369,-2.1835,-3.0358,-0.38799998
1572938932379,-1.5116,-3.3153,-1.7748
1572938932390,-0.8594,-3.9496,-1.972
1572938932400,-0.9892,-4.4477997,-1.2178
1572938932409,-1.5359,-4.7745,-0.7421
1572938932420,-2.1773,-4.9616,-0.4317
1572938932429,-2.5830998,-5.1274,0.3232
1572938932439,-2.6787999,-5.3101997,1.1218
1572938932449,-2.6341999,-5.4593997,1.9935
1572938932459,-2.3920999,-5.5337,2.6245
1572938932469,-1.9815999,-5.6386,2.701
1572938932479,-1.6326,-5.1120996,2.462
1572938932490,-0.0854,-4.2218,2.0514
1572938932500,2.1369,-3.1276999,1.5907999
1572938932509,4.4333,-1.7378999,1.4192
1572938932520,4.3198,0.58599997,1.0054
1572938932530,2.6187,4.1775,-0.3513
1572938932540,-0.0909,9.0405,-2.2584999
1572938932550,-4.2202997,13.9457,0.2962
1572938932559,-8.264999,16.2626,3.7254
1572938932570,-6.2825,11.7012,2.2194998
1572938932579,-1.954,4.9372,3.0191998
1572938932590,1.1213,-0.9877,7.0497
1572938932599,1.8226,-3.9199,9.0779
1572938932609,0.46679997,-3.7570999,8.8768
1572938932619,-0.72179997,-2.2056,5.7792
1572938932630,-0.7942,-0.83339995,-1.2379999
1572938932639,-1.1724,0.6408,-8.8533
1572938932650,-1.8728,2.5477998,-13.238199
1572938932660,-0.3703,3.1539,-12.9633
1572938932670,2.6899,2.4631,-5.3862
1572938932680,5.5618,1.05,2.8235
1572938932690,8.1782,-1.1787,2.8054
1572938932700,7.7917,-2.9218,-2.7378
1572938932709,4.8571,-3.0835,-5.9316998
1572938932719,1.6444,-2.3516,-7.4637
1572938932729,-1.7729,-1.0996,-6.8279
1572938932739,-5.2774,0.095699996,-4.2681
1572938932750,-8.0216,0.7482,-0.9844
1572938932760,-7.6741,0.3172,3.5354998
1572938932770,-5.6447997,0.1625,5.6706
1572938932779,-3.2975,0.5958,4.0815
1572938932789,-0.90599996,0.9122,0.9005
1572938932799,0.80219996,0.6231,-1.9526999
1572938932810,1.4682,0.0332,-3.8279
1572938932820,1.6161,-0.89669997,-3.8939998
1572938932829,1.5891999,-1.8829999,-3.1042
1572938932839,1.4842,-2.3381,-1.9092
1572938932850,1.5583,-2.4198,-1.119
1572938932860,1.7012999,-2.0404,-0.70629996
1572938932869,1.7205,-1.4355999,0.0011
1572938932879,1.6474999,-0.81119996,0.4759
1572938932890,1.3299999,-0.39249998,0.5141
1572938932902,1.2025,-0.32709998,-0.1648
1572938932910,0.8883,-0.33879998,-0.3464
1572938932922,0.4386,-0.5176,-0.4666
1572938932929,0.2346,-0.8718,-0.24659999
1572938932939,0.1741,-1.2256,0.0154
1572938932950,0.1743,-1.2845,0.3797
1572938932959,0.1871,-0.99909997,0.80619997
1572938932970,0.3206,-0.45769998,1.1455
1572938932980,0.48709998,0.3199,1.1783999
1572938932989,-0.2155,0.48099998,0.3599
1572938933000,-0.1951,0.24059999,0.602
1572938933010,-0.2503,-0.176,0.5965
1572938933020,0.0773,-0.5829,0.5308
1572938933029,0.2572,-0.64669997,-0.1321
1572938933039,0.3461,-0.4657,0.17559999
1572938933049,0.2656,0.0285,1.1393
1572938933059,0.1317,0.4829,1.7031
1572938933069,0.2962,0.6228,2.034
1572938933079,0.61579996,0.5362,1.6186
1572938933089,1.132,0.4878,0.5025
1572938933099,1.4909999,0.8203,-0.30949998
1572938933110,2.2769,1.3965,-0.6884
1572938933119,3.2312999,1.9423,-0.764
1572938933130,4.078,1.8304,-1.1204
1572938933139,4.2897,1.365,-2.4263
1572938933149,3.6569998,0.8599,-3.6936
1572938933159,2.293,0.482,-3.8200998
1572938933169,0.4926,0.3798,-3.4087
1572938933179,-1.3749,0.3199,-3.1971998
1572938933189,-3.0946,0.4043,-1.4907
1572938933199,-3.1453998,0.9432,-2.7598
1572938933210,-3.8839,1.8991,-1.6335
1572938933219,-3.9585998,1.7593,0.169
1572938933229,-2.9879,1.3834,0.82379997
1572938933239,-2.0677,1.8678999,-0.1777
1572938933249,-0.68689996,3.2672,-4.1774
1572938933259,0.6351,4.8926,-7.6933
1572938933269,0.4727,6.48,-6.6935997
1572938933280,-0.2755,7.6294,-1.935
1572938933290,-0.72749996,8.1792,0.2748
1572938933299,-0.43829998,7.9101,2.2853
1572938933309,0.1361,6.4181,0.78239995
1572938933319,0.88369995,4.2177997,-1.2063
1572938933329,0.9949,1.8138,-3.5159998
1572938933339,0.12629999,-0.9691,-5.2788
1572938933350,-0.6515,-3.7075,-6.6963997
1572938933359,-1.5390999,-5.7040997,-7.5147996
1572938933370,-3.0139,-6.5976996,-6.4934998
1572938933380,-4.5582,-6.6963997,-4.9855
1572938933389,-5.6844,-6.0642,-3.0986
1572938933402,-5.9603996,-4.9179997,-1.1823
1572938933410,-5.5979,-3.7691,0.36769998
1572938933419,-5.0133,-3.0884,1.0874
1572938933429,-4.2595,-3.3295,1.0440999
1572938933439,-3.5181,-4.3139,0.3032
1572938933449,-2.7080998,-5.7152,-1.0898
1572938933459,-2.5033,-6.3043,-2.629
1572938933469,-2.0279999,-6.3143997,-3.6502
1572938933479,-1.6446999,-6.1646,-4.0104
1572938933490,-1.2962999,-5.5903997,-3.4143999
1572938933499,-0.7791,-4.7862997,-1.5302999
1572938933510,0.0325,-3.6402998,0.93939996
1572938933519,1.287,-1.4189,2.9598
1572938933530,2.6269,1.535,4.6157
1572938933540,3.6608,3.7800999,6.0783
1572938933549,2.7928,4.7218,5.4556
1572938933559,1.0381,4.4393997,2.7615
1572938933569,-1.4485999,3.1822,1.4741
1572938933579,-2.4605,0.1524,-5.0885
1572938933590,-3.8221998,-3.1675,-6.9631
1572938933599,-4.6973,-4.903,-7.8447
1572938933610,-5.3231,-3.3451998,-5.0106
1572938933619,-4.1147,0.24859999,0.18429999
1572938933629,-0.6081,3.6978998,4.9421
1572938933639,3.2942998,5.2356997,4.2981
1572938933649,4.9013,5.705,5.308
1572938933659,5.3919,4.8863,3.9840999
1572938933670,4.7153997,3.4701,0.71129996
1572938933679,3.1125998,2.3144,-1.946
1572938933690,1.418,2.3683,-2.6994
1572938933699,0.301,1.8278999,-2.5442998
1572938933710,-0.7025,0.433,-1.4703
1572938933720,-1.0897,-0.3247,0.173
1572938933730,-0.92679995,-0.21939999,1.5396999
1572938933739,-0.3513,0.5484,2.1290998
1572938933749,0.4139,1.7128999,1.7580999
1572938933760,1.1286,2.7066,0.8064
1572938933770,1.6944,3.3165,-0.2696
1572938933779,1.8682,3.1815999,-0.7773
1572938933789,1.6254,2.2930999,-0.96379995
1572938933799,0.9144,1.1126,-0.2026
1572938933809,0.2591,0.14739999,0.50049996
1572938933819,-0.0543,-0.2796,0.8824
1572938933830,-0.0975,-0.5417,0.90459996
1572938933839,0.0897,-0.52129996,0.6946
1572938933850,0.46859998,-0.3159,0.3107
1572938933860,0.99909997,0.0257,0.2323
1572938933870,1.4183999,0.39589998,0.028299998
1572938933879,1.4904,0.6283,-0.1158
1572938933889,1.138,0.81119996,-0.24949999
1572938933902,0.67249995,0.9898,-0.2577
1572938933910,0.2837,1.0193,-0.1815
1572938933921,-0.0389,0.913,-0.1397
1572938933930,-0.20269999,0.7625,-0.1454
1572938933939,-0.139,0.7159,-0.1633
1572938933949,0.0403,0.6687,-0.17
1572938933959,0.3376,0.6608,-0.1761
1572938933969,0.5882,0.7808,0.0524
1572938933979,0.85139996,0.87219995,0.2701
1572938933990,0.8524,0.83629996,0.2918
1572938933999,0.61869997,0.61329997,-0.018099999
1572938934009,0.2883,0.31039998,-0.3838
1572938934019,-0.1277,0.1538,-0.7967
1572938934029,-0.3436,-0.1695,-0.9833
1572938934040,-0.5186,-0.1583,-1.1326
1572938934049,-0.50519997,-0.0276,-1.0109
1572938934060,-0.2927,0.18339999,-0.6281
1572938934070,-0.1539,-0.0067,-0.32529998
1572938934079,0.043199997,-0.107999995,-0.161
1572938934090,0.19389999,-0.14989999,-0.0761
1572938934099,0.2783,-0.0447,-0.059699997
1572938934109,0.49359998,-0.19479999,0.0359
1572938934119,0.70849997,-0.17799999,-0.0058
1572938934129,0.75479996,-0.0037,0.049399998
1572938934139,0.7898,0.0824,0.1928
1572938934149,0.7259,0.1388,0.4842
1572938934159,0.78959996,-0.050699998,0.5916
1572938934170,0.74439996,-0.20189999,0.5245
1572938934179,0.5409,-0.33409998,0.49839997
1572938934190,0.31689999,-0.4177,0.37559998
1572938934200,0.0525,-0.4526,0.2147
1572938934210,0.0413,-0.46809998,-0.6119
1572938934219,-0.1718,-0.4745,-0.3676
1572938934230,-0.2234,-0.2636,-0.15619999
1572938934239,-0.1087,-0.081599995,0.44669998
1572938934249,-0.19649999,0.0993,-0.5457
1572938934259,-0.1793,0.19389999,-0.2775
1572938934269,-0.2005,0.27899998,-0.0198
1572938934279,-0.123799995,0.18789999,-0.0074
1572938934290,-0.096499994,-0.0013,-0.0731
1572938934299,-0.0482,-0.1709,-0.069699995
1572938934309,-0.1158,-0.2717,-0.0471
1572938934319,-0.0936,-0.3134,-0.024799999
1572938934332,-0.011399999,-0.23689999,-0.023
1572938934339,0.1705,-0.1405,-0.031799998
1572938934349,0.3249,0.0346,0.1255
1572938934359,0.30589998,0.19039999,0.2236
1572938934369,0.2003,0.2678,0.2924
1572938934379,-0.0032,0.2962,0.28309998
1572938934389,-0.070099995,0.1282,0.2358
1572938934402,-0.146,-0.0817,0.1575
1572938934409,-0.1184,-0.28759998,0.0677
1572938934419,-0.048899997,-0.3489,0.0938
1572938934429,0.0314,-0.25349998,0.1894
1572938934439,0.16129999,-0.0896,0.20729999
1572938934449,0.21239999,0.0841,0.1178
1572938934459,0.1443,0.1994,-0.0307
1572938934469,0.1039,0.1679,-0.0427
1572938934479,-0.0359,0.038799997,-0.0752
1572938934490,0.0669,-0.2364,-0.11
1572938934500,0.2875,-0.4323,-0.010199999
1572938934510,0.541,-0.6076,0.0376
1572938934520,0.6495,-0.72349995,-0.0925
1572938934529,0.6622,-0.74009997,-0.19669999
1572938934539,0.589,-0.61829996,-0.2067
1572938934550,0.38169998,-0.41689998,-0.1611
1572938934559,0.1765,-0.106699996,0.0285
1572938934572,-0.018199999,0.23349999,0.2652
1572938934579,-0.2144,0.584,0.30449998
1572938934589,-0.30629998,0.886,0.27339998
1572938934599,-0.3926,1.1987,0.4545
1572938934609,-0.47529998,1.4239999,0.4949
1572938934619,-0.34059998,1.6310999,0.67719996
1572938934629,-0.0677,1.6535,0.9511
1572938934639,0.078999996,1.6974,1.1003
1572938934649,0.0596,1.8419,0.9859
1572938934659,-0.0095,1.8623999,0.8501
1572938934669,-0.13759999,1.7885,1.1445
1572938934679,-0.4314,1.7472,1.2242
1572938934689,-0.6096,1.5533999,0.37129998
1572938934699,-0.15779999,0.9061,-0.0887
1572938934710,0.44009998,-0.7632,-0.5083
1572938934719,0.4283,-2.4986,-1.4423
1572938934729,-0.13239999,-3.7061,-1.811
1572938934739,-1.1395999,-4.6337,-1.0285
1572938934749,-1.652,-4.4051,-0.5599
1572938934759,-1.032,-3.2472,-0.618
1572938934769,-0.76019996,-1.9418,-0.6023
1572938934779,-0.8997,-0.62189996,-0.11229999
1572938934789,-1.1236,0.26369998,0.4922
1572938934799,-1.2171,0.44009998,0.5854
1572938934809,-1.0946,0.0928,0.4051
1572938934819,-1.0203999,-0.5433,0.198
1572938934829,-1.2405,-1.1643,0.111899994
1572938934839,-1.4634999,-1.8289,0.1767
1572938934849,-1.5138999,-2.5867,0.2773
1572938934859,-1.5363,-3.1432998,0.2679
1572938934869,-1.2135,-3.5181,0.1003
1572938934879,-0.816,-3.5819,-0.14899999
1572938934889,-0.4692,-3.411,-0.6231
1572938934901,-0.1748,-3.1388998,-1.5705
1572938934909,0.16489999,-2.4041,-1.9308
1572938934919,0.2766,-1.3072,-1.8165
1572938934929,0.0894,0.2189,-0.77169997
1572938934939,-0.62549996,2.0465999,0.5159
1572938934950,-0.4615,3.5467,2.2344
1572938934959,0.196,4.6108,3.8009
1572938934969,0.6379,5.1203,4.3231
1572938934979,0.6085,4.9263,3.5516
1572938934989,0.14,3.9587998,2.2284
1572938934999,-0.33589998,2.2467,1.1312
1572938935009,-0.9158,0.338,0.6577
1572938935019,-1.4193,-1.308,0.3484
1572938935030,-1.8302,-2.2035,-0.6464
1572938935039,-1.6915,-2.6037998,-2.2537
1572938935050,-1.5531,-2.3199,-3.1589
1572938935059,-1.0282,-1.9182999,-2.842
1572938935069,-0.2261,-1.4866999,-1.954
1572938935079,0.602,-0.9658,-0.8616
1572938935089,1.2136999,-0.3258,0.146
1572938935099,1.4864,0.2855,0.49049997
1572938935109,1.5443,0.7696,0.1354
1572938935119,1.5636,1.146,-0.3809
1572938935130,1.4878,1.4157,-0.4551
1572938935139,1.2709,1.55,0.074999996
1572938935149,0.88589996,1.4117,0.9259
1572938935159,0.4114,1.1373999,1.6017
1572938935169,-0.046499997,0.7062,1.5023999
1572938935179,-0.3516,0.19559999,0.61399996
1572938935189,-0.5031,-0.2768,-0.41509998
1572938935199,-0.36049998,-0.7795,-1.1741999
1572938935209,-0.301,-0.88009995,-1.5386
1572938935219,-0.0949,-0.8235,-1.5489999
1572938935229,-0.023799999,-0.7858,-1.1588
1572938935239,0.19219999,-0.7769,-0.80939996
1572938935249,0.35349998,-0.5521,-0.6961
1572938935259,0.4585,-0.1994,-0.5349
1572938935269,0.5239,0.3002,-0.3444
1572938935279,0.5773,0.6232,0.0827
1572938935290,0.53889996,0.7888,0.4728
1572938935299,0.4366,0.70879996,0.80469996
1572938935309,0.3585,0.4915,0.9791
1572938935319,0.2065,0.2056,0.8876
1572938935329,-0.0278,-0.040999997,0.58919996
1572938935339,-0.22569999,-0.26819998,0.1832
1572938935349,-0.3656,-0.45619997,-0.22219999
1572938935359,-0.4553,-0.53639996,-0.5487
1572938935370,-0.54219997,-0.5184,-0.78639996
1572938935380,-0.49699998,-0.5787,-0.7497
1572938935390,-0.59529996,-0.1876,-0.4102
1572938935402,-0.5441,0.1445,-0.069299996
1572938935409,-0.4887,0.36929998,0.1803
1572938935419,-0.33699998,0.42729998,0.37109998
1572938935429,-0.17719999,0.19119999,0.4048
1572938935439,-0.0488,-0.153,0.1555
1572938935449,0.129,-0.35029998,0.0545
1572938935459,0.289,-0.4201,0.0426
1572938935469,0.3128,-0.48999998,-0.027999999
1572938935479,0.4141,-0.2656,-0.0991
1572938935489,0.40809998,-0.051099997,-0.2967
1572938935499,0.4025,0.104499996,-0.28919998
1572938935509,0.5432,0.1918,-0.106599994
1572938935519,0.70269996,0.1617,0.16229999
1572938935529,0.8315,0.092599995,0.3996
1572938935539,0.9589,0.053299997,0.53639996
1572938935549,0.99689996,0.0045,0.5144
1572938935559,0.9553,-0.044099998,0.35369998
1572938935569,0.8445,-0.1024,0.1626
1572938935579,0.6849,-0.1999,0.13759999
1572938935589,0.50729996,-0.258,0.23969999
1572938935599,0.322,-0.2377,0.3615
1572938935609,0.1485,-0.2076,0.4349
1572938935619,0.0449,-0.1777,0.47
1572938935629,-0.057499997,-0.17719999,0.4865
1572938935639,-0.1296,-0.226,0.49449998
1572938935649,-0.2209,-0.2652,0.30789998
1572938935659,-0.32209998,-0.2947,0.249
1572938935669,-0.384,-0.2456,0.36609998
1572938935679,-0.3971,-0.13769999,0.4737
1572938935689,-0.3123,-0.0104,0.47509998
1572938935699,-0.1105,0.028199999,0.4001
1572938935709,0.0424,-0.0312,0.2873
1572938935719,0.13759999,-0.1007,0.2931
1572938935729,0.0286,-0.17999999,0.2401
1572938935739,-0.010799999,-0.26909998,0.0504
1572938935749,-0.088199995,-0.3681,-0.0901
1572938935759,-0.1452,-0.4572,-0.113299996
1572938935769,-0.1627,-0.4091,-0.1458
1572938935779,-0.1114,-0.26299998,-0.15789999
1572938935789,0.0177,-0.0777,-0.0718
1572938935799,0.1463,0.0879,0.14119999
1572938935809,0.2541,0.2243,0.28509998
1572938935819,0.30179998,0.3019,0.2625
1572938935829,0.2796,0.30089998,0.1819
1572938935839,0.1583,0.0839,-0.0545
1572938935849,0.085,-0.182,-0.28039998
1572938935860,0.022499999,-0.44799998,-0.34
1572938935869,-0.0389,-0.6256,-0.3902
1572938935880,-0.011,-0.6365,-0.31329998
1572938935889,0.0186,-0.39249998,-0.3533
1572938935901,0.011899999,-0.089899994,-0.4298
1572938935910,0.0253,0.16399999,-0.43159997
1572938935919,0.0309,0.3099,-0.3734
1572938935929,0.036599997,0.2993,-0.1995
1572938935939,-0.1743,0.112399995,-0.2144
1572938935949,-0.35819998,-0.1232,-0.1919
1572938935959,-0.37649998,-0.3196,-0.052699998
1572938935969,-0.21779999,-0.38869998,0.0585
1572938935979,0.0415,-0.2617,0.053299997
1572938935989,0.2945,-0.0268,0.0964
1572938935999,0.4912,0.228,0.2154
1572938936009,0.62009996,0.41459998,0.3417
1572938936019,0.64919996,0.4739,0.37739998
1572938936030,0.60609996,0.37649998,0.27429998
1572938936039,0.5395,0.1811,0.052699998
1572938936050,0.4605,0.0053999997,-0.2084
1572938936059,0.3707,-0.0918,-0.3619
1572938936069,0.25239998,-0.081199996,-0.1528
1572938936083,0.095699996,-0.021699999,-0.4917
1572938936090,-0.029399998,0.0673,-0.23349999
1572938936099,-0.1052,0.029299999,0.0416
1572938936109,-0.1048,-0.106599994,0.25669998
1572938936119,-0.0092,-0.2131,0.354
1572938936129,0.1531,-0.3101,0.40379998
1572938936139,0.39409998,-0.2601,0.338
1572938936149,0.5485,-0.0927,0.1557
1572938936159,0.6368,0.0651,0.1679
1572938936169,0.6781,0.1547,0.2069
1572938936179,0.6324,0.20539999,0.3217
1572938936189,0.616,0.1486,0.4448
1572938936199,0.6476,0.062299997,0.38149998
1572938936209,0.75689995,-0.0534,0.29909998
1572938936219,0.84679997,-0.0416,0.118
1572938936229,0.8494,0.0783,0.023699999
1572938936239,0.7646,0.2084,0.0352
1572938936249,0.63019997,0.2995,0.1722
1572938936259,0.5139,0.2732,0.387
1572938936269,0.5032,0.050499998,0.5929
1572938936280,0.5496,-0.241,0.63449997
1572938936289,0.6741,-0.4251,0.3649
1572938936299,0.6623,-0.3741,0.048
1572938936310,0.55329996,-0.1761,-0.1501
1572938936319,0.3566,0.1197,-0.3479
1572938936330,0.1805,0.35689998,-0.4375
1572938936339,0.1037,0.3881,-0.3901
1572938936349,0.107,0.3215,-0.3635
1572938936359,0.0739,0.21609999,-0.3585
1572938936369,0.1215,0.0721,-0.1706
1572938936379,0.24919999,-0.14,0.044099998
1572938936389,0.47649997,-0.41079998,0.2086
1572938936400,0.695,-0.6519,0.24479999
1572938936409,0.88439995,-0.7752,0.123799995
1572938936419,0.97609997,-0.663,-0.0958
1572938936429,0.91139996,-0.3249,-0.415
1572938936439,0.84739995,0.072399996,-0.7162
1572938936449,0.7456,0.43089998,-1.0382
1572938936459,0.7048,0.672,-1.2332
1572938936469,0.539,0.825,-1.3889999
1572938936479,0.4349,0.82119995,-1.3088
1572938936490,0.4012,0.5622,-0.98149997
1572938936499,0.42729998,0.205,-0.7701
1572938936509,0.482,-0.122999996,-0.7132
1572938936520,0.5545,-0.24569999,-0.7813
1572938936529,0.69449997,-0.3003,-0.90529996
1572938936539,0.8343,-0.2671,-0.91899997
1572938936549,0.9845,-0.11669999,-0.891
1572938936559,1.0373,0.0039,-0.8214
1572938936569,0.8846,0.19309999,-0.6529
1572938936580,0.5636,0.3726,-0.4454
1572938936590,0.28869998,0.4736,-0.1893
1572938936600,-0.0089,0.51559997,0.0569
1572938936610,-0.20019999,0.44939998,0.3926
1572938936620,-0.31379998,0.3339,0.7201
1572938936630,-0.29099998,0.17889999,0.9993
1572938936639,-0.2307,0.0729,0.84669995
1572938936649,-0.1519,0.0457,0.48619998
1572938936659,-0.0437,0.019199999,-0.121999994
1572938936670,-0.042,0.0128999995,-0.5761
1572938936680,0.20699999,-0.2773,-0.71709996
1572938936689,0.0502,-0.53,-1.3024
1572938936700,0.2086,-0.6148,-0.47779998
1572938936710,0.489,-0.5523,0.092599995
1572938936719,0.36949998,-0.3434,0.3439
1572938936730,0.6706,-0.2235,0.0
1572938936739,0.24329999,0.2582,-0.4382
1572938936749,0.0263,0.5445,0.044099998
1572938936760,-0.0447,0.6641,0.821
1572938936769,0.047199998,0.5967,1.0013
1572938936779,-0.0208,0.352,0.7035
1572938936789,-0.083,0.1171,0.7575
1572938936799,-0.2663,-0.048899997,0.7994
1572938936810,-0.2365,-0.2348,0.5861
1572938936819,-0.43249997,-0.33269998,0.3056
1572938936830,-0.5089,-0.41149998,0.332
1572938936839,-0.45569998,-0.5398,0.46989998
1572938936849,-0.40899998,-0.62909997,0.4922
1572938936859,-0.4281,-0.69839996,0.7014
1572938936869,-0.408,-0.6791,0.9087
1572938936879,-0.39929998,-0.581,0.98639995
1572938936890,-0.44219998,-0.4434,0.86579996
1572938936900,-0.4583,-0.2568,0.6554
1572938936911,-0.30539998,-0.1583,0.5833
1572938936923,-0.1961,-0.1776,0.47039998
1572938936929,-0.081,-0.2556,0.34489998
1572938936940,0.0848,-0.32299998,0.4028
1572938936949,0.2304,-0.38979998,0.6238
1572938936959,0.2872,-0.3676,0.82199997
1572938936969,0.2848,-0.30539998,1.0066
1572938936979,0.2817,-0.26209998,1.0897
1572938936989,0.19999999,-0.1986,0.92469996
1572938936999,0.049999997,-0.1148,0.7765
1572938937009,-0.1593,-0.0598,0.6059
1572938937020,-0.35009998,-0.0729,0.5606
1572938937030,-0.6595,-0.115399994,0.69089997
1572938937039,-0.97999996,-0.1875,0.7632
1572938937049,-1.1947,-0.3094,0.80829996
1572938937060,-1.0773,-0.5104,0.6502
1572938937069,-0.9192,-0.7118,0.6608
1572938937079,-0.81799996,-0.7464,0.5941
1572938937090,-0.68619996,-0.6928,0.57739997
1572938937100,-0.6721,-0.6098,0.5218
1572938937109,-0.66929996,-0.6839,0.4861
1572938937119,-0.75619996,-0.6015,0.618
1572938937129,-0.8055,-0.5591,0.70309997
1572938937140,-0.83769995,-0.6059,0.6925
1572938937149,-0.8235,-0.6239,0.5559
1572938937159,-0.8596,-0.59319997,0.4102
1572938937169,-0.9253,-0.5428,0.1663
1572938937179,-0.8929,-0.6002,-0.0783
1572938937190,-0.80149996,-0.6471,-0.24659999
1572938937199,-0.6602,-0.7617,-0.094799995
1572938937209,-0.5275,-0.807,0.4181
1572938937219,-0.36479998,-0.7054,0.96169996
1572938937229,-0.24219999,-0.389,1.2731999
1572938937239,-0.151,0.0045,1.2845
1572938937249,-0.0033,0.3972,1.2985
1572938937260,0.1326,0.6914,1.1561999
1572938937269,0.2171,0.8287,0.99329996
1572938937279,0.24039999,0.7405,0.8781
1572938937290,0.2409,0.4856,0.752
1572938937300,0.1788,0.1519,0.5473
1572938937309,0.1431,-0.1823,0.3242
1572938937320,0.21339999,-0.4391,0.114199996
1572938937330,0.24489999,-0.5402,-0.1007
1572938937339,0.1801,-0.5049,-0.1938
1572938937349,0.0087,-0.43069997,-0.1475
1572938937359,-0.28959998,-0.3075,-0.0616
1572938937369,-0.6083,-0.2135,0.0039999997
1572938937380,-0.8592,-0.1686,0.0796
1572938937389,-1.0518,-0.1435,0.156
1572938937402,-1.1716,-0.0707,0.1673
1572938937409,-1.1832,0.052699998,0.1171
1572938937419,-1.2013999,0.1261,0.0105
1572938937429,-1.2116,0.081999995,-0.17539999
1572938937439,-1.1647999,0.0482,-0.3635
1572938937449,-1.129,-0.0142,-0.49539998
1572938937460,-1.1709,-0.1156,-0.4709
1572938937469,-1.123,-0.1477,-0.4484
1572938937479,-0.98389995,-0.12,-0.3892
1572938937489,-0.9184,0.0262,-0.32209998
1572938937500,-0.66249996,0.075399995,-0.2386
1572938937509,-0.4517,0.057299998,-0.169
1572938937519,-0.4041,0.010799999,-0.0438
1572938937530,-0.3734,-0.093499996,0.0491
1572938937540,-0.36089998,-0.2365,0.061499998
1572938937549,-0.34669998,-0.3694,0.0831
1572938937559,-0.3602,-0.4238,0.0852
1572938937571,-0.4105,-0.341,0.0197
1572938937580,-0.47869998,-0.2583,0.0431
1572938937589,-0.5363,-0.1364,0.1651
1572938937599,-0.5252,-0.0541,0.40609998
1572938937610,-0.6315,0.1256,0.6495
1572938937620,-0.61149997,0.2166,0.7179
1572938937630,-0.584,0.2294,0.6677
1572938937639,-0.5081,0.0852,0.3725
1572938937652,-0.36159998,-0.1184,0.18769999
1572938937660,-0.22459999,-0.2536,0.1608
1572938937669,-0.0502,-0.42819998,0.3788
1572938937680,-0.015199999,-0.4849,0.6059
1572938937690,0.039,-0.473,0.7549
1572938937699,-0.0037999998,-0.4026,0.699
1572938937709,-0.0056999996,-0.3812,0.49609998
1572938937719,-0.0447,-0.4086,0.2049
1572938937729,-0.1589,-0.3768,-0.0481
1572938937739,-0.19209999,-0.3633,0.047799997
1572938937749,-0.2516,-0.2703,0.4741
1572938937759,-0.5735,-0.0984,0.91929996
1572938937769,-0.7129,-0.103099994,0.98139995
1572938937779,-0.82089996,-0.21599999,0.54359996
1572938937789,-0.8858,-0.3789,0.0982
1572938937799,-0.9629,-0.46409997,-0.0016999999
1572938937809,-0.93149996,-0.491,0.2042
1572938937819,-0.7413,-0.4597,0.3148
1572938937829,-0.4606,-0.498,0.5563
1572938937839,-0.1884,-0.5663,0.7607
1572938937849,0.005,-0.6252,0.7506
1572938937859,0.099999994,-0.6652,0.6056
1572938937869,0.1264,-0.73539996,0.4535
1572938937879,0.0356,-0.68869996,0.3825
1572938937890,-0.12329999,-0.5937,0.1864
1572938937900,-0.3299,-0.55799997,0.109799996
1572938937910,-0.45619997,-0.5226,0.329
1572938937922,-0.5409,-0.4601,0.6446
1572938937929,-0.70489997,-0.2877,0.73749995
1572938937940,-0.71,-0.2162,0.6839
1572938937950,-0.57739997,-0.3611,0.7998
1572938937959,-0.3488,-0.5854,1.1441
1572938937970,-0.144,-0.7224,1.4626
1572938937980,-0.061699998,-0.76229995,1.3916999
1572938937996,-0.1296,-0.6552,1.0763
1572938938000,-0.31559998,-0.4689,0.76809996
1572938938009,-0.43069997,-0.2616,0.7306
1572938938019,-0.42409998,-0.1121,1.0036
1572938938030,-0.1389,-0.2757,1.3241999
1572938938040,-0.096,-0.361,1.3809999
1572938938049,-0.1136,-0.2994,1.4685999
1572938938059,-0.1572,-0.131,1.5889
1572938938069,-0.3347,0.0849,1.7241
